StartDate,EndDate,,,,,,,,,,,,,,DistributionChannel,UserLanguage,USE_CMS,USE_TMS,USE_STMS,USE_SWC,USE_CS,USE_LDL,USE_LEC,USE_ILL,USE_LDB,USE_DIC,USE_FPC,USE_LCS,USE_BL,USE_WN,USE_VPN,USE_AORO,USE_ERPSS,USE_CWS,USE_LWS,IMP_CMS,IMP_CMSS,IMP_TMS,IMP_STMS,IMP_SWC,IMP_CS,IMP_SSCN,IMP_LDL,IMP_LC,IMP_LEC,IMP_ILL,IMP_LDB,IMP_DIC,IMP_FPC,IMP_SICP,IMP_BL,IMP_AWAC,IMP_PWAC,IMP_WN,IMP_EMSF,IMP_VPN,IMP_AORO,IMP_ERPSS,IMP_SERPP,IMP_CWS,IMP_LWS,IMP_OCS,IMP_OLS,DS_CMS,DS_CMSS,DS_TMS,DS_STMS,DS_SWC,DS_SSCN,DS_LDL,DS_LC,DS_LEC,DS_ILL,DS_LDB,DS_DIC,DS_FPC,DS_SICP,DS_LCS,DS_BL,DS_AWAC,DS_PWAC,DS_WN,DS_EMSF,DS_VPN,DS_AORO,DS_ERPSS,DS_SERPP,DS_CWS,DS_LWS,DS_OCS,DS_OLS,INF_ATS,INF_ALS,DAHD_F,DAHD_K,DAHD_RL,DAHD_RS,DAERPS_F,DAERPS_K,DAERPS_RL,DAERPS_RS,DALC_F,DALC_K,DALC_RL,DALC_RS,DALR_F,DALR_K,DALR_RL,DALR_RS,DAASC_F,DAASC_K,DAASC_RL,DAASC_RS,DAMMS_F,DAMMS_K,DAMMS_RL,DAMMS_RS,OWN_DC,OWN_LC,OWN_PDA,OWN_EBR,OWN_T,SKL_ERP,SKL_CMS,SKL_PIRO,SKL_IFE,LRN_ERP,LRN_CMS,LRN_PIRO,LRN_IFE,LRN_OOO,LRN_WTS,LRN_SDD,LRN_SDOT,LRN_TE,YRS,FTIME,OCC,SEX,SEX_18_TEXT,AGE,RACE5_1,RACE5_2,RACE5_3,RACE5_4,RACE5_5,RACE5_6,HISP,COMMENT
Start Date,End Date,,,,,,,,,,,,,,Distribution Channel,User Language,"Over the course of a semester, on average, how often do you use the following services? - Blackboard Learn","Over the course of a semester, on average, how often do you use the following services? - Technology in meeting spaces/classrooms","Over the course of a semester, on average, how often do you use the following services? - Support for technology in meeting spaces/classrooms","Over the course of a semester, on average, how often do you use the following services? - Web conferencing (e.g. Zoom, Teams, WebEx, Skype)","Over the course of a semester, on average, how often do you use the following services? - Online collaborative software (e.g. Google Drive or Office 365)","Over the course of a semester, on average, how often do you use the following services? - Ram Search","Over the course of a semester, on average, how often do you use the following services? - Library e-book collections","Over the course of a semester, on average, how often do you use the following services? - Interlibrary loan","Over the course of a semester, on average, how often do you use the following services? - Library databases (e.g. JSTOR)","Over the course of a semester, on average, how often do you use the following services? - Digital image collections (e.g. ARTstor, Library streaming video collections (e.g. Kanopy))","Over the course of a semester, on average, how often do you use the following services? - Technology Resource Center (Service Desk)","Over the course of a semester, on average, how often do you use the following services? - Library circulation services","Over the course of a semester, on average, how often do you use the following services? - Borrowing laptops","Over the course of a semester, on average, how often do you use the following services? - The wired network on campus","Over the course of a semester, on average, how often do you use the following services? - FSU VPN / GotoMyPC","Over the course of a semester, on average, how often do you use the following services? - Access to online resources from off-campus","Over the course of a semester, on average, how often do you use the following services? - MyFramingham","Over the course of a semester, on average, how often do you use the following services? - Self-Help resources on the ITS Web site","Over the course of a semester, on average, how often do you use the following services? - Library Web site (e.g. library hours, policies)",How important are these services to you? - Blackboard Learn,How important are these services to you? - Blackboard Learn support,How important are these services to you? - Technology in meeting spaces/classrooms,How important are these services to you? - Support for technology in meeting spaces/classrooms,"How important are these services to you? - Web conferencing (e.g. Zoom, Teams, WebEx, Skype)",How important are these services to you? - Online collaborative software (e.g. Google Drive or Office 365),How important are these services to you? - Support for your specialized computing needs,How important are these services to you? - Ram Search,How important are these services to you? - Physical library collections,How important are these services to you? - Library e-book collections,How important are these services to you? - Interlibrary loan,How important are these services to you? - Library databases (e.g. JSTOR),"How important are these services to you? - Digital image collections (e.g. ARTstor, Library streaming video collections (e.g. Kanopy))",How important are these services to you? - Technology Resource Center (Service Desk),How important are these services to you? - Status information on computing problems,How important are these services to you? - Borrowing laptops,How important are these services to you? - Availability of wireless access on campus,How important are these services to you? - Performance of wireless access on campus,How important are these services to you? - The wired network on campus,How important are these services to you? - E-mail SPAM filtering,How important are these services to you? - FSU VPN / GotoMyPC,How important are these services to you? - Access to online resources from off-campus,How important are these services to you? - MyFramingham,How important are these services to you? - Support when you have an MyFramingham problem,How important are these services to you? - Self-Help resources on the ITS Web site,"How important are these services to you? - Library Web site (e.g. library hours, policies)",How important are these services to you? - Overall computing service,How important are these services to you? - Overall library service,How dissatisfied or satisfied are you with the following resources and services? - Blackboard Learn,How dissatisfied or satisfied are you with the following resources and services? - Blackboard Learn support,How dissatisfied or satisfied are you with the following resources and services? - Technology in meeting spaces/classrooms,How dissatisfied or satisfied are you with the following resources and services? - Support for technology in meeting spaces/classrooms,"How dissatisfied or satisfied are you with the following resources and services? - Web conferencing (e.g. Zoom, Teams, WebEx, Skype)",How dissatisfied or satisfied are you with the following resources and services? - Support for your specialized computing needs,How dissatisfied or satisfied are you with the following resources and services? - Ram Search,How dissatisfied or satisfied are you with the following resources and services? - Physical library collections,How dissatisfied or satisfied are you with the following resources and services? - Library e-book collections,How dissatisfied or satisfied are you with the following resources and services? - Interlibrary loan,How dissatisfied or satisfied are you with the following resources and services? - Library databases (e.g. JSTOR),"How dissatisfied or satisfied are you with the following resources and services? - Digital image collections (e.g. ARTstor, Library streaming video collections (e.g. Kanopy))",How dissatisfied or satisfied are you with the following resources and services? - Technology Resource Center (Service Desk),How dissatisfied or satisfied are you with the following resources and services? - Status information on computing problems,How dissatisfied or satisfied are you with the following resources and services? - Library circulation services,How dissatisfied or satisfied are you with the following resources and services? - Borrowing laptops,How dissatisfied or satisfied are you with the following resources and services? - Availability of wireless access on campus,How dissatisfied or satisfied are you with the following resources and services? - Performance of wireless access on campus,How dissatisfied or satisfied are you with the following resources and services? - The wired network on campus,How dissatisfied or satisfied are you with the following resources and services? - E-mail SPAM filtering,How dissatisfied or satisfied are you with the following resources and services? - FSU VPN / GotoMyPC,How dissatisfied or satisfied are you with the following resources and services? - Access to online resources from off-campus,How dissatisfied or satisfied are you with the following resources and services? - MyFramingham,How dissatisfied or satisfied are you with the following resources and services? - Support when you have an MyFramingham problem,How dissatisfied or satisfied are you with the following resources and services? - Self-Help resources on the ITS Web site,"How dissatisfied or satisfied are you with the following resources and services? - Library Web site (e.g. library hours, policies)",How dissatisfied or satisfied are you with the following resources and services? - Overall computing service,How dissatisfied or satisfied are you with the following resources and services? - Overall library service,How informed do you feel you are about the following? - Available technology services,How informed do you feel you are about the following? - Available library services,How strongly do you disagree or agree with the following statements with regard to the Technology Resource Center (Service Desk) staff? - Friendly,How strongly do you disagree or agree with the following statements with regard to the Technology Resource Center (Service Desk) staff? - Knowledgeable,How strongly do you disagree or agree with the following statements with regard to the Technology Resource Center (Service Desk) staff? - Reliable,How strongly do you disagree or agree with the following statements with regard to the Technology Resource Center (Service Desk) staff? - Responsive,How strongly do you disagree or agree with the following statements with regard to the MyFramingham support staff? - Friendly,How strongly do you disagree or agree with the following statements with regard to the MyFramingham support staff? - Knowledgeable,How strongly do you disagree or agree with the following statements with regard to the MyFramingham support staff? - Reliable,How strongly do you disagree or agree with the following statements with regard to the MyFramingham support staff? - Responsive,How strongly do you disagree or agree with the following statements with regard to the library circulation staff? - Friendly,How strongly do you disagree or agree with the following statements with regard to the library circulation staff? - Knowledgeable,How strongly do you disagree or agree with the following statements with regard to the library circulation staff? - Reliable,How strongly do you disagree or agree with the following statements with regard to the library circulation staff? - Responsive,How strongly do you disagree or agree with the following statements with regard to the library reference/research staff? - Friendly,How strongly do you disagree or agree with the following statements with regard to the library reference/research staff? - Knowledgeable,How strongly do you disagree or agree with the following statements with regard to the library reference/research staff? - Reliable,How strongly do you disagree or agree with the following statements with regard to the library reference/research staff? - Responsive,How strongly do you disagree or agree with the following statements with regard to the archives/special collections staff? - Friendly,How strongly do you disagree or agree with the following statements with regard to the archives/special collections staff? - Knowledgeable,How strongly do you disagree or agree with the following statements with regard to the archives/special collections staff? - Reliable,How strongly do you disagree or agree with the following statements with regard to the archives/special collections staff? - Responsive,How strongly do you disagree or agree with the following statements with regard to the multimedia services staff? - Friendly,How strongly do you disagree or agree with the following statements with regard to the multimedia services staff? - Knowledgeable,How strongly do you disagree or agree with the following statements with regard to the multimedia services staff? - Reliable,How strongly do you disagree or agree with the following statements with regard to the multimedia services staff? - Responsive,Do you personally own the following devices? - Desktop computer,Do you personally own the following devices? - Laptop/Notebook computer,"Do you personally own the following devices? - Smart phone (e.g. Android, iPhone)","Do you personally own the following devices? - E-book reader (e.g. Kindle, NOOK)","Do you personally own the following devices? - Tablet (e.g. iPad, Kindle Fire)",How would you describe your skill level with the following? - MyFramingham,How would you describe your skill level with the following? - Blackboard Learn,How would you describe your skill level with the following? - Protecting your identity and reputation online,How would you describe your skill level with the following? - Identifying fraudulent email messages/phishing attempts,How interested are you in learning more about the following? - MyFramingham,How interested are you in learning more about the following? - Blackboard Learn,How interested are you in learning more about the following? - Protecting your identity and reputation online,How interested are you in learning more about the following? - Identifying fraudulent email messages/phishing attempts,How interested are you in learning new technical or research skills by the following methods? - One-on-one instruction,How interested are you in learning new technical or research skills by the following methods? - Workshop/Training Session,How interested are you in learning new technical or research skills by the following methods? - Self-directed with documentation,How interested are you in learning new technical or research skills by the following methods? - Self-directed with online tutorial,How interested are you in learning new technical or research skills by the following methods? - Trial and error,What year did you begin at Framingham State?,Are you considered a full-time employee of Framingham State for at least nine months of the current academic year?,Which of the following best describes your job?,What is your gender? - Selected Choice,What is your gender? - Prefer to self-describe - Text,What is your age?,What is your race? (Please check all that apply) - RACE_W,What is your race? (Please check all that apply) - RACE_B,What is your race? (Please check all that apply) - RACE_A,What is your race? (Please check all that apply) - RACE_AI,What is your race? (Please check all that apply) - RACE_NH,What is your race? (Please check all that apply) - RACE_O,"Are you of Hispanic, Latino, or Spanish origin?",Do you have any additional comments or suggestions?
"{""ImportId"":""startDate"",""timeZone"":""America/New_York""}","{""ImportId"":""endDate"",""timeZone"":""America/New_York""}",,,,,,,,,,,,,,"{""ImportId"":""distributionChannel""}","{""ImportId"":""userLanguage""}","{""ImportId"":""QID1_1""}","{""ImportId"":""QID1_2""}","{""ImportId"":""QID1_3""}","{""ImportId"":""QID1_4""}","{""ImportId"":""QID1_6""}","{""ImportId"":""QID1_11""}","{""ImportId"":""QID1_13""}","{""ImportId"":""QID1_14""}","{""ImportId"":""QID1_15""}","{""ImportId"":""QID1_16""}","{""ImportId"":""QID1_17""}","{""ImportId"":""QID1_23""}","{""ImportId"":""QID1_28""}","{""ImportId"":""QID1_31""}","{""ImportId"":""QID1_34""}","{""ImportId"":""QID1_35""}","{""ImportId"":""QID1_36""}","{""ImportId"":""QID1_38""}","{""ImportId"":""QID1_39""}","{""ImportId"":""QID3_1""}","{""ImportId"":""QID3_2""}","{""ImportId"":""QID3_3""}","{""ImportId"":""QID3_4""}","{""ImportId"":""QID3_6""}","{""ImportId"":""QID3_8""}","{""ImportId"":""QID3_12""}","{""ImportId"":""QID3_14""}","{""ImportId"":""QID3_15""}","{""ImportId"":""QID3_16""}","{""ImportId"":""QID3_17""}","{""ImportId"":""QID3_18""}","{""ImportId"":""QID3_19""}","{""ImportId"":""QID3_20""}","{""ImportId"":""QID3_22""}","{""ImportId"":""QID3_40""}","{""ImportId"":""QID3_42""}","{""ImportId"":""QID3_43""}","{""ImportId"":""QID3_44""}","{""ImportId"":""QID3_46""}","{""ImportId"":""QID3_49""}","{""ImportId"":""QID3_50""}","{""ImportId"":""QID3_53""}","{""ImportId"":""QID3_55""}","{""ImportId"":""QID3_57""}","{""ImportId"":""QID3_58""}","{""ImportId"":""QID3_64""}","{""ImportId"":""QID3_65""}","{""ImportId"":""QID4_1""}","{""ImportId"":""QID4_2""}","{""ImportId"":""QID4_3""}","{""ImportId"":""QID4_4""}","{""ImportId"":""QID4_6""}","{""ImportId"":""QID4_12""}","{""ImportId"":""QID4_14""}","{""ImportId"":""QID4_15""}","{""ImportId"":""QID4_16""}","{""ImportId"":""QID4_17""}","{""ImportId"":""QID4_18""}","{""ImportId"":""QID4_19""}","{""ImportId"":""QID4_20""}","{""ImportId"":""QID4_22""}","{""ImportId"":""QID4_32""}","{""ImportId"":""QID4_40""}","{""ImportId"":""QID4_42""}","{""ImportId"":""QID4_43""}","{""ImportId"":""QID4_44""}","{""ImportId"":""QID4_46""}","{""ImportId"":""QID4_49""}","{""ImportId"":""QID4_50""}","{""ImportId"":""QID4_53""}","{""ImportId"":""QID4_55""}","{""ImportId"":""QID4_57""}","{""ImportId"":""QID4_58""}","{""ImportId"":""QID4_64""}","{""ImportId"":""QID4_65""}","{""ImportId"":""QID5_1""}","{""ImportId"":""QID5_2""}","{""ImportId"":""QID7_1""}","{""ImportId"":""QID7_2""}","{""ImportId"":""QID7_3""}","{""ImportId"":""QID7_4""}","{""ImportId"":""QID34_1""}","{""ImportId"":""QID34_2""}","{""ImportId"":""QID34_3""}","{""ImportId"":""QID34_4""}","{""ImportId"":""QID9_1""}","{""ImportId"":""QID9_2""}","{""ImportId"":""QID9_3""}","{""ImportId"":""QID9_4""}","{""ImportId"":""QID10_1""}","{""ImportId"":""QID10_2""}","{""ImportId"":""QID10_3""}","{""ImportId"":""QID10_4""}","{""ImportId"":""QID15_1""}","{""ImportId"":""QID15_2""}","{""ImportId"":""QID15_3""}","{""ImportId"":""QID15_4""}","{""ImportId"":""QID14_1""}","{""ImportId"":""QID14_2""}","{""ImportId"":""QID14_3""}","{""ImportId"":""QID14_4""}","{""ImportId"":""QID18_1""}","{""ImportId"":""QID18_2""}","{""ImportId"":""QID18_5""}","{""ImportId"":""QID18_6""}","{""ImportId"":""QID18_10""}","{""ImportId"":""QID20_3""}","{""ImportId"":""QID20_5""}","{""ImportId"":""QID20_27""}","{""ImportId"":""QID20_35""}","{""ImportId"":""QID21_3""}","{""ImportId"":""QID21_5""}","{""ImportId"":""QID21_27""}","{""ImportId"":""QID21_34""}","{""ImportId"":""QID22_1""}","{""ImportId"":""QID22_2""}","{""ImportId"":""QID22_3""}","{""ImportId"":""QID22_4""}","{""ImportId"":""QID22_5""}","{""ImportId"":""QID38""}","{""ImportId"":""QID25""}","{""ImportId"":""QID26""}","{""ImportId"":""QID50""}","{""ImportId"":""QID50_7_TEXT""}","{""ImportId"":""QID37""}","{""ImportId"":""QID31"",""choiceId"":""1""}","{""ImportId"":""QID31"",""choiceId"":""2""}","{""ImportId"":""QID31"",""choiceId"":""3""}","{""ImportId"":""QID31"",""choiceId"":""4""}","{""ImportId"":""QID31"",""choiceId"":""5""}","{""ImportId"":""QID31"",""choiceId"":""6""}","{""ImportId"":""QID35""}","{""ImportId"":""QID32_TEXT""}"
2/18/2021 7:28,2/18/2021 7:39,,,,,,,,,,,,,,email,EN,1,1,1,2,1,1,1,1,1,1,1,1,1,5,1,1,5,1,1,-99,-99,-99,-99,-99,-99,-99,-99,-99,-99,-99,-99,-99,-99,2,-99,4,4,4,4,1,2,3,3,3,-99,4,-99,-99,-99,-99,-99,4,4,-99,-99,-99,-99,-99,-99,-99,4,-99,-99,4,3,4,3,-99,-99,4,4,3,-99,4,-99,2,2,4,4,4,4,4,4,4,4,-99,-99,-99,-99,-99,-99,-99,-99,-99,-99,-99,-99,-99,-99,-99,-99,-99,1,1,0,0,3,1,3,3,1,1,1,1,1,1,1,2,1,2018,1,4,1,-99,32.5,1,0,0,0,0,0,1,-99
2/18/2021 7:34,2/18/2021 7:39,,,,,,,,,,,,,,email,EN,4,-99,1,5,5,1,1,1,1,1,2,1,1,5,4,4,5,3,1,1,1,4,4,4,4,3,1,1,1,1,1,1,4,3,3,4,4,4,3,4,4,4,3,2,2,4,2,-99,-99,3,3,4,3,-99,-99,-99,-99,-99,-99,3,3,-99,-99,2,2,3,3,4,4,4,-99,3,-99,3,-99,2,2,4,3,3,3,-99,-99,-99,-99,-99,-99,-99,-99,-99,-99,-99,-99,-99,-99,-99,-99,-99,-99,-99,-99,0,1,1,1,1,4,3,4,4,3,3,1,1,1,3,3,3,3,2014,1,3,2,-99,32.5,1,0,0,0,0,0,0,-99
2/18/2021 7:31,2/18/2021 7:39,,,,,,,,,,,,,,email,EN,1,1,1,5,2,1,1,1,1,1,2,1,2,3,5,-99,5,3,1,1,1,3,4,4,3,2,1,1,1,1,1,1,4,3,4,4,4,4,3,4,4,4,4,3,1,3,1,-99,-99,4,4,4,4,-99,-99,-99,-99,-99,-99,4,4,-99,4,4,4,4,4,4,4,4,4,4,-99,4,-99,3,2,4,4,4,4,4,4,4,4,-99,-99,-99,-99,-99,-99,-99,-99,-99,-99,-99,-99,-99,-99,-99,-99,1,0,0,0,0,3,1,1,2,3,1,3,3,1,3,3,3,1,2016,1,1,1,-99,-99,1,0,0,0,0,0,0,-99
2/18/2021 7:29,2/18/2021 7:42,,,,,,,,,,,,,,email,EN,1,2,2,5,4,1,2,2,2,1,3,1,1,4,5,4,4,2,1,1,1,4,4,4,4,3,1,2,4,3,4,-99,3,3,4,4,4,4,4,4,4,3,4,2,-99,3,3,-99,-99,3,3,4,3,-99,-99,3,4,4,-99,2,3,-99,3,3,3,4,4,3,4,2,2,-99,-99,3,3,2,2,4,3,3,3,4,3,3,3,4,4,4,4,-99,-99,-99,-99,-99,-99,-99,-99,-99,-99,-99,-99,0,1,1,1,1,3,3,3,4,2,2,2,1,1,2,2,2,3,2005,1,4,1,-99,37.5,1,0,0,0,0,0,0,-99
2/18/2021 7:53,2/18/2021 8:00,,,,,,,,,,,,,,email,EN,5,1,3,5,5,4,1,5,5,3,5,5,5,5,1,5,5,2,4,4,3,2,4,4,4,4,3,4,3,4,3,3,4,4,4,4,4,4,2,-99,4,4,4,4,4,4,4,4,4,4,4,4,4,4,2,3,2,4,2,4,4,4,4,4,4,4,2,-99,3,4,3,3,4,4,4,2,2,4,4,4,2,4,4,4,3,4,4,4,4,4,4,4,4,4,4,4,4,4,4,4,4,1,1,1,1,1,3,3,3,4,2,4,2,2,4,3,1,1,2,2016,1,3,1,-99,37.5,1,0,0,0,0,0,0,-99
2/18/2021 7:55,2/18/2021 8:05,,,,,,,,,,,,,,email,EN,-99,5,3,5,5,1,1,1,2,2,3,2,2,4,1,4,5,3,3,3,3,4,4,4,4,4,2,3,3,3,4,3,4,4,2,4,4,4,3,2,4,4,4,3,2,4,3,2,3,3,2,4,2,2,4,4,4,4,4,4,4,4,2,3,2,3,3,2,2,4,2,3,4,4,4,2,2,4,3,3,3,3,3,3,4,4,4,4,3,4,4,3,3,4,4,3,-99,4,4,4,3,0,0,1,0,1,4,4,3,3,2,1,2,2,1,1,2,2,1,2012,1,4,4,-99,42.5,1,0,0,0,0,0,0,-99
2/18/2021 8:02,2/18/2021 8:11,,,,,,,,,,,,,,email,EN,5,1,1,5,4,1,1,1,1,1,3,1,1,5,5,5,5,2,1,3,3,4,4,4,4,4,1,1,1,1,1,1,4,4,4,4,4,4,4,4,3,4,4,3,1,4,1,2,3,3,3,3,3,-99,-99,-99,-99,-99,-99,3,3,-99,3,3,3,4,3,3,3,4,3,3,-99,3,-99,3,4,4,3,4,4,4,4,4,4,-99,-99,-99,-99,-99,-99,-99,-99,4,4,4,4,4,4,4,4,1,1,1,0,0,5,4,4,4,4,1,3,3,1,3,3,3,1,1994,1,4,2,-99,57.5,1,0,0,0,0,0,0,-99
2/18/2021 7:28,2/18/2021 8:18,,,,,,,,,,,,,,email,EN,1,5,2,5,5,1,1,2,2,1,2,2,1,5,1,1,3,2,3,1,1,4,3,4,4,4,-99,4,2,4,3,2,4,-99,3,4,4,4,2,2,2,2,2,2,4,4,4,-99,-99,4,4,4,3,-99,1,-99,4,4,-99,4,-99,1,-99,4,4,4,3,-99,-99,3,-99,2,4,4,3,2,2,-99,-99,-99,-99,-99,-99,-99,-99,2,1,3,4,-99,-99,-99,-99,4,4,4,4,-99,-99,-99,-99,0,0,1,0,0,2,2,3,5,2,2,2,1,1,2,2,2,2,2015,1,1,1,-99,32.5,1,0,0,0,0,0,0,"I think having access to a borrowing library is one of the best parts of working at FSU, and the fact that it's part of the minuteman library network means that I can get almost any book I want... eventually. I really appreciate the library staff, I know they are doing the best they can with the funding that they have. But my experience in using the library as an actual library (a place to get books to read) has been very disappointing. In my five years at FSU, I have NEVER walked into the Whittemore library looking for a book (here are some of the books I have tried to find: the Martian, Asimov's Foundation, any of the works of Kurt Vonnegut, any play by Tom Stoppard) and successfully walked out with that book. The physical collection is very weak, the books you do have are usually very old editions, the collection is not updated, and it seems that when books go missing they do not get replaced. It seems that the only circulating collection that is well-maintained is children's and young adult literature. Think about the message this sends about the perceived intellectual capabilities of this community. The other problem is that the front desk is staffed by students who do not seem to know much about books, or even how to use the Dewey Decimal system. I have learned to stop asking them for help, but it is also not very easy to help myself even though I am a former public library employee and I understand the Dewey Decimal system (although all modern libraries use Library of Congress now, come on!). The ""catalog computers"" that we can use to look up books are so slow that a card catalog would be faster, but there isn't one of those either. In modern libraries, the catalog computers do not require you to log on, and are always open to the catalog search page. Basically all these experiences have made it clear to me that the expectation for this community is that we do not want to read books. I think that is a very bad message at an institution of higher learning."
2/18/2021 8:13,2/18/2021 8:23,,,,,,,,,,,,,,email,EN,3,1,1,5,2,1,2,2,2,1,1,2,1,5,5,5,4,2,2,3,3,2,2,4,2,2,1,3,3,3,1,1,1,3,2,4,4,4,3,4,4,2,3,3,2,4,3,3,3,-99,-99,4,4,-99,4,4,4,-99,-99,-99,4,4,4,4,4,4,3,4,3,4,4,3,4,4,4,3,3,4,3,4,4,4,3,4,3,4,3,4,4,-99,-99,-99,-99,-99,-99,-99,-99,-99,-99,-99,-99,0,1,1,0,1,4,3,3,4,2,2,3,2,2,3,4,4,1,-99,1,4,1,-99,-99,1,0,0,0,0,0,0,-99
2/18/2021 8:17,2/18/2021 8:24,,,,,,,,,,,,,,email,EN,1,2,1,5,1,1,1,1,1,2,2,1,1,1,5,1,5,1,1,-99,-99,4,4,4,-99,4,-99,-99,-99,-99,-99,2,4,4,3,4,4,1,4,4,1,4,4,1,3,3,2,-99,-99,4,4,4,4,-99,-99,-99,-99,-99,4,4,4,-99,4,4,4,-99,3,4,-99,4,4,-99,4,4,4,3,3,4,3,4,4,-99,-99,-99,-99,-99,-99,-99,-99,-99,-99,-99,-99,3,3,2,2,-99,-99,-99,-99,0,1,1,1,0,4,1,4,5,1,1,1,1,1,1,1,1,1,2012,1,1,1,-99,32.5,1,0,0,0,0,0,0,-99
2/18/2021 8:11,2/18/2021 8:29,,,,,,,,,,,,,,email,EN,1,1,1,2,1,1,1,1,1,1,2,1,5,5,4,4,5,2,2,-99,-99,-99,-99,2,4,4,1,1,1,1,1,1,3,4,4,4,4,4,4,4,3,4,4,4,1,4,1,-99,-99,-99,-99,4,4,-99,4,-99,4,-99,-99,4,4,4,4,4,4,3,4,3,4,4,4,4,4,4,4,3,3,4,3,3,4,4,4,4,4,-99,-99,-99,-99,-99,-99,-99,-99,-99,-99,-99,-99,4,4,4,4,0,0,1,1,0,3,1,4,4,1,1,1,1,1,1,1,1,1,1979,1,1,1,-99,62.5,1,0,0,0,0,0,0,-99
2/18/2021 8:23,2/18/2021 8:30,,,,,,,,,,,,,,email,EN,1,1,1,3,2,1,2,1,1,1,1,1,1,5,3,2,5,1,1,1,1,2,2,2,2,4,1,2,2,2,2,1,2,3,1,2,2,-99,4,3,2,2,2,2,2,2,2,-99,-99,-99,-99,3,2,-99,2,3,3,-99,-99,4,3,-99,-99,2,2,3,3,3,3,3,3,3,3,3,3,4,3,4,4,4,4,4,4,4,4,3,3,2,2,2,2,2,2,2,2,2,2,2,2,2,2,1,1,1,0,1,5,1,5,5,1,1,1,1,2,3,3,3,1,2017,1,3,2,-99,27.5,1,0,0,0,0,0,0,-99
2/18/2021 8:24,2/18/2021 8:31,,,,,,,,,,,,,,email,EN,1,1,1,4,5,1,1,1,1,1,1,1,5,4,5,5,5,2,1,-99,-99,-99,-99,3,3,4,-99,-99,-99,-99,-99,-99,4,4,4,3,3,-99,4,4,4,4,4,3,-99,4,-99,-99,-99,-99,-99,4,4,-99,-99,-99,-99,-99,-99,4,4,-99,4,4,4,-99,4,4,4,4,4,4,-99,4,-99,4,4,4,4,4,4,-99,-99,-99,-99,-99,-99,-99,-99,-99,-99,-99,-99,-99,-99,-99,-99,-99,-99,-99,-99,0,1,1,1,1,3,1,2,2,4,2,4,4,4,4,3,3,1,2019,1,1,1,-99,57.5,1,0,0,0,0,0,0,-99
2/18/2021 8:27,2/18/2021 8:32,,,,,,,,,,,,,,email,EN,1,2,2,5,4,1,3,3,1,1,2,2,2,5,4,5,5,3,2,3,3,4,4,4,4,4,4,4,4,4,4,4,4,4,4,4,4,4,4,4,4,4,4,4,4,4,4,-99,-99,4,4,4,4,4,4,4,4,4,4,4,4,4,4,4,2,4,4,4,4,4,4,4,4,4,4,3,3,4,4,4,4,4,4,4,4,4,4,4,4,4,4,4,4,4,4,4,4,4,4,4,4,0,1,1,1,1,3,1,4,4,3,3,2,2,3,3,3,3,3,1995,1,3,1,-99,52.5,1,0,0,0,0,0,0,-99
2/18/2021 8:36,2/18/2021 8:43,,,,,,,,,,,,,,email,EN,1,5,1,5,5,1,1,1,1,1,1,1,1,4,5,3,3,2,1,-99,-99,2,2,4,4,2,-99,-99,-99,-99,-99,-99,-99,2,2,3,3,3,3,4,4,3,2,2,1,2,1,-99,-99,4,4,4,4,-99,-99,-99,-99,-99,-99,-99,-99,-99,4,4,4,4,4,4,4,4,4,4,4,4,4,2,2,4,4,4,4,4,4,4,4,-99,-99,-99,-99,-99,-99,-99,-99,-99,-99,-99,-99,-99,-99,-99,-99,0,0,1,1,0,3,1,3,3,1,1,2,2,1,2,2,2,2,2019,1,4,1,-99,32.5,1,0,0,0,0,0,0,-99
2/18/2021 8:52,2/18/2021 8:59,,,,,,,,,,,,,,email,EN,1,1,1,4,1,1,1,1,1,1,4,1,5,5,5,5,5,5,5,1,1,1,1,-99,-99,1,1,3,1,1,3,1,3,3,3,3,3,3,3,3,3,3,3,3,3,3,3,-99,-99,-99,-99,4,4,-99,4,4,-99,-99,-99,4,4,4,4,4,4,4,4,4,4,4,4,4,4,4,4,2,2,4,4,4,4,4,4,4,4,4,4,4,4,4,4,4,4,-99,-99,-99,-99,4,4,4,4,1,0,1,1,1,3,1,3,3,3,1,3,3,3,3,3,3,1,2018,1,1,1,-99,67.5,1,0,0,0,0,0,0,-99
2/18/2021 8:54,2/18/2021 9:02,,,,,,,,,,,,,,email,EN,1,1,1,4,1,1,1,1,1,1,1,1,1,1,4,-99,3,3,2,-99,-99,4,4,4,4,4,-99,-99,-99,-99,-99,-99,-99,-99,-99,4,4,4,4,4,4,4,4,4,4,4,4,-99,-99,-99,-99,4,4,-99,-99,-99,-99,-99,4,4,4,-99,-99,4,4,4,4,4,4,4,4,4,4,4,4,3,3,4,4,4,4,4,4,4,4,4,4,4,4,4,4,4,4,4,4,4,4,4,4,4,4,0,0,1,0,0,3,2,3,3,2,1,4,4,3,3,2,2,1,2004,1,4,1,-99,47.5,1,0,0,0,0,0,0,-99
2/18/2021 8:29,2/18/2021 9:06,,,,,,,,,,,,,,email,EN,1,1,1,2,2,1,1,1,1,1,1,1,5,5,5,5,5,1,1,-99,-99,-99,-99,1,1,3,-99,-99,-99,-99,-99,-99,-99,-99,4,4,4,4,4,4,4,4,4,4,-99,4,-99,-99,-99,-99,-99,-99,-99,-99,-99,-99,-99,-99,-99,-99,-99,-99,4,4,4,4,4,4,4,4,4,4,-99,4,-99,4,4,4,4,2,2,-99,-99,-99,-99,-99,-99,-99,-99,-99,-99,-99,-99,-99,-99,-99,-99,4,4,4,4,0,1,1,1,0,4,1,4,4,1,1,1,1,1,1,1,1,1,1995,1,1,1,-99,47.5,1,0,0,0,0,0,0,-99
2/18/2021 8:55,2/18/2021 9:11,,,,,,,,,,,,,,email,EN,3,4,3,5,5,1,3,2,3,2,3,3,1,5,5,5,5,2,3,3,2,4,4,4,4,2,1,4,3,2,2,2,4,2,3,4,4,4,4,4,4,4,4,3,3,4,4,3,-99,4,4,4,3,-99,4,4,4,4,3,3,3,4,3,4,4,4,4,4,4,3,2,2,4,3,4,3,3,4,2,2,4,4,3,3,2,4,4,4,4,4,4,4,4,-99,-99,-99,-99,4,4,4,4,1,1,1,1,1,3,2,3,4,3,3,4,2,2,4,4,4,3,2014,1,4,2,-99,42.5,1,0,0,0,0,0,0,-99
2/18/2021 9:20,2/18/2021 9:27,,,,,,,,,,,,,,email,EN,1,2,1,5,1,1,1,1,1,1,1,1,1,1,4,1,3,1,1,1,1,3,3,3,1,1,1,1,1,1,1,1,1,1,1,3,3,1,1,3,1,3,3,1,1,2,1,-99,-99,4,4,4,-99,-99,-99,-99,-99,-99,-99,-99,-99,-99,-99,4,4,-99,3,4,-99,3,3,-99,-99,3,-99,2,2,3,3,2,2,-99,-99,-99,-99,-99,-99,-99,-99,-99,-99,-99,-99,-99,-99,-99,-99,-99,-99,-99,-99,0,1,1,1,0,3,1,3,4,1,1,1,1,1,1,1,1,1,2014,1,3,1,-99,37.5,1,0,0,0,0,0,0,-99
2/18/2021 9:17,2/18/2021 9:28,,,,,,,,,,,,,,email,EN,1,1,1,2,1,2,1,1,1,1,3,1,2,4,5,5,5,1,1,1,1,1,1,3,1,4,3,1,1,1,1,1,4,4,2,4,4,4,4,4,4,4,4,3,1,4,1,-99,-99,-99,-99,4,4,4,-99,-99,-99,-99,-99,4,4,-99,4,4,4,4,4,4,4,4,4,-99,-99,4,-99,4,2,4,4,4,4,4,4,4,4,-99,-99,-99,-99,-99,-99,-99,-99,-99,-99,-99,-99,4,4,4,4,1,1,1,0,1,3,1,2,3,3,2,4,4,1,2,3,3,1,1987,1,1,1,-99,67.5,1,0,0,0,0,0,0,-99
2/18/2021 9:29,2/18/2021 9:37,,,,,,,,,,,,,,email,EN,1,1,1,5,1,1,1,1,1,1,1,1,1,1,5,1,5,1,1,-99,-99,-99,-99,-99,-99,-99,-99,-99,-99,-99,-99,-99,-99,4,-99,4,4,4,4,4,-99,4,4,3,-99,4,-99,-99,-99,-99,-99,3,4,-99,-99,-99,-99,-99,-99,4,3,-99,-99,-99,-99,-99,-99,-99,-99,4,3,-99,-99,4,-99,2,-99,4,4,3,3,3,3,3,3,3,3,3,3,-99,-99,-99,-99,-99,-99,-99,-99,-99,-99,-99,-99,0,1,1,0,0,3,1,1,1,2,1,1,1,2,2,3,3,1,2014,1,2,1,-99,52.5,1,0,0,0,0,0,0,-99
2/18/2021 9:28,2/18/2021 9:41,,,,,,,,,,,,,,email,EN,1,1,1,4,5,1,1,1,1,1,1,1,2,5,-99,5,5,2,1,1,1,1,1,4,4,4,1,1,1,1,1,1,4,4,3,4,4,4,4,4,4,4,4,3,3,4,4,-99,-99,-99,-99,4,4,-99,-99,-99,-99,-99,-99,4,4,-99,4,4,4,4,3,4,4,4,4,4,4,4,4,3,3,4,4,4,4,4,4,4,4,-99,-99,-99,-99,-99,-99,-99,-99,-99,-99,-99,-99,-99,-99,-99,-99,1,1,1,0,1,4,1,4,4,2,2,2,2,1,1,1,2,1,2004,1,1,1,-99,67.5,1,0,0,0,0,0,0,-99
2/18/2021 8:56,2/18/2021 9:41,,,,,,,,,,,,,,email,EN,1,4,2,5,5,2,2,1,2,1,2,1,1,1,5,5,5,3,1,1,1,4,4,4,4,2,2,2,2,2,2,2,4,3,3,4,4,2,2,4,4,4,3,2,2,3,3,4,4,4,4,4,4,4,4,4,4,4,4,4,3,4,3,3,3,-99,4,4,4,4,3,3,-99,3,3,4,2,4,4,3,4,4,4,3,4,3,3,3,3,3,3,3,3,3,3,3,3,3,3,3,3,0,1,1,1,1,4,3,3,5,2,2,2,2,3,3,3,3,2,2015,1,4,1,-99,47.5,1,0,0,0,0,0,0,-99
2/18/2021 9:20,2/18/2021 9:49,,,,,,,,,,,,,,email,EN,2,2,2,4,4,3,1,4,2,2,2,4,1,2,5,4,5,1,1,3,3,3,3,3,3,3,3,3,3,4,3,3,3,3,1,4,4,4,4,4,4,4,4,1,2,4,4,4,-99,4,4,4,-99,4,4,4,4,4,4,4,4,4,-99,4,4,4,4,4,4,4,4,-99,-99,4,4,2,2,3,3,2,2,4,4,4,4,4,4,4,4,4,4,4,4,4,4,4,4,4,4,4,4,1,1,1,1,1,4,3,4,4,4,4,1,1,4,4,1,1,2,1997,1,1,1,-99,67.5,1,0,0,0,0,0,0,-99
2/18/2021 9:31,2/18/2021 9:50,,,,,,,,,,,,,,email,EN,1,1,1,4,3,1,1,1,1,1,2,1,1,3,2,3,3,3,1,1,1,2,2,3,1,3,1,1,1,1,1,1,2,2,1,4,4,2,2,2,1,1,1,2,1,3,1,-99,-99,4,-99,3,3,-99,-99,-99,-99,-99,-99,3,3,-99,-99,4,2,3,2,3,-99,3,2,3,-99,-99,-99,2,1,4,3,2,3,4,4,3,3,-99,-99,-99,-99,-99,-99,-99,-99,-99,-99,-99,-99,-99,-99,-99,-99,1,0,1,0,0,3,1,4,4,2,1,2,3,2,2,3,3,4,2018,1,3,2,-99,32.5,0,0,1,0,0,0,0,-99
2/18/2021 9:23,2/18/2021 9:51,,,,,,,,,,,,,,email,EN,1,2,1,3,5,1,1,1,1,1,2,1,1,4,4,4,4,2,1,1,1,3,3,4,4,3,-99,1,1,1,1,1,4,4,1,4,4,4,4,4,4,4,4,-99,1,1,1,-99,-99,4,4,4,4,-99,-99,-99,-99,-99,-99,4,4,-99,-99,4,3,4,4,4,4,4,4,4,-99,4,-99,3,3,4,4,4,4,-99,-99,-99,-99,-99,-99,-99,-99,-99,-99,-99,-99,-99,-99,-99,-99,-99,-99,-99,-99,1,1,1,1,1,3,1,3,3,2,1,2,2,1,2,2,3,1,2014,1,4,1,-99,52.5,1,0,0,0,0,0,0,Not at this time
2/18/2021 9:50,2/18/2021 9:57,,,,,,,,,,,,,,email,EN,1,1,1,2,2,1,1,1,1,1,2,1,1,5,1,4,5,2,1,1,1,2,2,2,2,4,1,1,1,1,1,1,4,4,1,4,4,4,4,1,4,4,4,4,1,4,2,-99,-99,4,4,4,4,-99,-99,-99,-99,-99,-99,4,4,-99,-99,4,4,4,4,-99,4,4,4,4,-99,4,4,4,3,4,4,4,4,4,4,4,4,4,4,4,4,4,4,4,4,4,4,4,4,4,4,4,4,1,1,1,1,1,4,1,4,4,2,1,2,2,2,2,3,3,3,1994,1,2,2,-99,62.5,1,0,0,0,0,0,0,-99
2/18/2021 9:54,2/18/2021 10:00,,,,,,,,,,,,,,email,EN,5,1,1,5,5,1,2,1,3,1,2,1,2,2,1,2,3,2,1,3,3,3,3,4,4,4,1,1,2,-99,3,1,4,4,4,4,4,4,4,1,4,4,4,2,1,4,4,4,4,-99,-99,4,4,-99,-99,-99,-99,4,-99,4,4,-99,4,4,4,4,4,-99,4,4,4,4,-99,4,4,3,3,4,4,4,4,4,4,4,4,4,4,4,4,4,4,4,4,4,4,4,4,4,4,4,4,0,1,1,0,0,3,3,3,3,4,3,4,3,3,3,4,4,3,2011,1,3,1,-99,47.5,0,0,1,0,0,0,0,-99
2/18/2021 10:03,2/18/2021 10:11,,,,,,,,,,,,,,email,EN,1,1,2,5,5,1,1,1,1,1,2,2,2,1,4,4,5,1,1,1,1,1,1,4,4,4,1,1,1,1,1,1,2,1,2,4,4,3,2,4,4,4,4,2,1,3,1,-99,-99,-99,-99,4,4,-99,-99,-99,-99,-99,-99,4,-99,-99,4,4,4,4,4,1,4,4,4,3,-99,3,-99,3,3,4,3,4,4,-99,-99,-99,-99,-99,-99,-99,-99,-99,-99,-99,-99,-99,-99,-99,-99,-99,-99,-99,-99,0,1,1,0,0,4,1,3,4,2,1,2,1,1,1,1,1,1,2017,1,4,1,-99,52.5,1,0,0,0,0,0,0,-99
2/18/2021 9:58,2/18/2021 10:11,,,,,,,,,,,,,,email,EN,1,1,-99,5,2,1,1,1,1,1,1,1,2,5,5,5,5,2,1,-99,-99,-99,-99,4,2,4,-99,-99,-99,-99,-99,-99,4,4,4,4,4,4,4,4,4,4,4,2,-99,4,-99,-99,-99,-99,-99,4,3,-99,-99,-99,-99,-99,-99,4,4,-99,2,4,4,4,4,4,4,4,4,4,-99,4,-99,1,2,3,3,3,3,4,4,4,4,-99,-99,-99,-99,-99,-99,-99,-99,-99,-99,-99,-99,-99,-99,-99,-99,0,0,1,0,0,3,1,2,4,2,1,3,2,3,4,2,2,1,1999,1,1,1,-99,62.5,1,0,0,0,0,1,0,-99
2/18/2021 10:08,2/18/2021 10:27,,,,,,,,,,,,,,email,EN,4,3,2,4,3,5,2,2,2,2,2,2,4,4,5,2,5,2,2,-99,-99,4,4,4,4,4,4,2,3,3,3,3,4,4,4,4,4,4,4,4,3,4,4,4,3,4,3,3,-99,4,4,4,4,4,3,3,3,2,-99,4,4,3,4,3,3,4,4,4,3,3,4,4,3,4,3,3,2,4,4,4,4,4,4,4,4,4,4,4,4,-99,-99,-99,-99,-99,-99,-99,-99,4,4,4,4,1,1,1,0,0,3,3,3,4,3,3,3,3,3,3,3,3,2,2019,1,1,1,-99,47.5,1,0,0,0,0,0,0,-99
2/18/2021 10:19,2/18/2021 10:28,,,,,,,,,,,,,,email,EN,5,1,1,5,5,1,1,1,1,1,2,1,1,4,5,5,5,3,1,3,1,3,3,-99,-99,1,1,3,3,3,3,3,3,3,2,4,4,4,4,4,3,3,3,3,3,-99,-99,3,3,3,-99,4,-99,-99,-99,-99,-99,-99,-99,3,3,-99,-99,4,4,4,4,4,3,4,3,2,-99,3,-99,3,3,4,4,4,3,3,3,3,3,-99,-99,-99,-99,-99,-99,-99,-99,-99,-99,-99,-99,-99,-99,-99,-99,1,1,1,1,1,3,3,3,4,2,2,2,2,1,2,2,2,2,2015,1,1,1,-99,47.5,1,0,0,0,0,0,0,-99
2/18/2021 8:53,2/18/2021 10:28,,,,,,,,,,,,,,email,EN,5,1,1,5,5,1,1,1,1,1,1,1,1,1,5,5,-99,2,1,4,4,-99,-99,2,2,3,-99,-99,-99,-99,-99,-99,-99,3,1,1,1,1,1,4,4,4,3,2,1,2,1,4,4,-99,-99,4,3,-99,-99,-99,-99,-99,-99,-99,-99,-99,3,-99,-99,-99,2,4,4,4,4,4,-99,4,4,3,2,3,3,3,3,-99,-99,-99,-99,-99,-99,-99,-99,-99,-99,-99,-99,-99,-99,-99,-99,-99,-99,-99,-99,0,0,1,0,0,3,4,3,3,2,3,1,1,2,2,2,4,1,2018,1,1,1,-99,42.5,1,0,0,0,0,0,1,-99
2/18/2021 10:24,2/18/2021 10:31,,,,,,,,,,,,,,email,EN,2,1,1,1,1,1,1,1,1,1,2,1,1,1,1,1,3,1,1,1,1,1,1,2,1,1,1,1,1,1,1,1,1,1,1,4,4,4,3,1,1,4,4,1,1,2,2,-99,-99,-99,-99,-99,-99,-99,-99,-99,-99,-99,-99,-99,-99,-99,4,4,4,4,-99,-99,4,4,4,4,-99,4,4,3,3,4,4,4,4,-99,4,4,4,4,4,4,4,-99,-99,-99,-99,-99,-99,-99,-99,-99,-99,-99,-99,0,1,1,0,1,2,1,1,2,2,1,2,2,1,1,1,1,1,2014,-99,2,2,-99,67.5,1,0,0,0,0,0,0,-99
2/18/2021 10:27,2/18/2021 10:33,,,,,,,,,,,,,,email,EN,1,2,1,5,4,3,1,1,1,1,2,1,1,3,4,5,5,2,1,1,1,2,1,4,4,1,2,1,1,1,1,1,3,2,1,4,4,3,3,4,4,4,4,2,2,3,1,-99,-99,-99,-99,4,4,3,-99,-99,-99,-99,-99,-99,-99,-99,-99,4,4,4,4,3,4,4,3,-99,-99,3,-99,2,2,4,4,4,4,4,4,4,4,-99,-99,-99,-99,-99,-99,-99,-99,-99,-99,-99,-99,-99,-99,-99,-99,1,1,1,1,1,3,2,4,4,2,2,2,2,2,2,3,3,3,2020,1,1,1,-99,47.5,1,0,0,0,0,0,0,-99
2/18/2021 10:36,2/18/2021 10:41,,,,,,,,,,,,,,email,EN,5,3,-99,4,5,3,1,1,1,1,2,1,1,5,5,5,5,2,1,4,4,4,4,4,4,4,3,2,2,1,1,1,4,3,3,4,4,4,3,4,4,4,3,3,2,4,2,4,4,4,4,4,4,4,4,4,4,4,4,4,4,4,4,4,1,4,4,-99,4,4,4,4,4,3,4,3,3,4,4,4,4,4,4,4,4,4,4,4,4,4,4,4,4,4,4,4,4,4,4,4,4,-99,1,1,-99,1,4,4,4,4,2,2,2,2,2,2,2,2,2,2015,1,1,2,-99,32.5,1,0,0,0,0,0,0,-99
2/18/2021 10:34,2/18/2021 10:42,,,,,,,,,,,,,,email,EN,5,2,3,4,4,2,2,2,2,2,2,2,1,2,3,3,5,3,2,4,4,3,3,4,3,3,2,2,2,2,3,3,3,4,3,4,4,4,4,4,4,4,4,4,4,4,4,4,4,3,3,4,3,3,3,3,3,3,3,4,4,4,3,4,4,4,4,4,4,4,4,3,3,4,4,2,2,4,4,4,4,4,4,4,4,4,4,4,4,4,4,4,4,4,4,4,4,4,4,4,4,0,1,1,1,1,3,3,3,3,2,3,3,2,2,2,3,3,2,2015,1,1,2,-99,57.5,0,0,1,0,0,0,0,-99
2/18/2021 11:03,2/18/2021 11:10,,,,,,,,,,,,,,email,EN,1,2,1,5,5,1,1,1,1,1,1,1,1,4,5,3,3,2,1,-99,-99,4,4,4,4,1,1,1,1,1,1,1,3,3,1,4,4,4,2,4,3,2,1,3,2,4,1,-99,-99,4,4,4,-99,-99,-99,-99,-99,-99,-99,4,4,-99,-99,4,4,4,4,4,4,4,4,4,4,4,4,2,3,4,2,4,4,-99,-99,-99,-99,4,-99,-99,-99,-99,-99,-99,-99,2,4,4,4,-99,-99,-99,-99,1,1,1,1,1,4,1,5,5,2,1,1,1,3,3,3,1,3,2018,1,4,4,-99,47.5,-99,-99,-99,-99,-99,-99,-99,-99
2/18/2021 10:33,2/18/2021 11:15,,,,,,,,,,,,,,email,EN,3,2,2,5,5,4,1,1,1,1,1,2,2,5,5,5,5,5,1,3,3,3,3,3,3,3,3,3,3,3,3,3,3,3,3,3,3,3,3,3,3,3,3,3,3,3,3,4,4,4,4,4,3,4,4,4,4,4,4,4,4,4,4,2,2,4,4,4,3,4,2,3,4,2,4,2,2,4,3,3,3,4,4,3,3,4,-99,-99,-99,4,-99,-99,-99,4,-99,-99,-99,4,-99,-99,-99,1,1,1,1,1,4,4,3,3,4,4,4,4,4,4,4,4,4,2018,1,4,1,-99,57.5,1,0,0,0,0,0,0,-99
2/18/2021 11:21,2/18/2021 11:28,,,,,,,,,,,,,,email,EN,1,1,1,5,3,1,1,1,1,1,1,2,1,5,5,1,5,3,2,3,3,3,3,3,3,3,3,3,3,3,3,3,3,4,4,4,4,4,4,4,4,4,4,4,4,4,4,-99,-99,-99,-99,-99,-99,-99,-99,-99,-99,-99,-99,-99,-99,-99,4,-99,4,4,3,4,4,4,4,4,4,4,4,2,2,4,4,4,4,4,4,4,4,4,3,3,3,4,4,4,4,4,4,4,4,4,4,4,4,1,1,1,1,1,4,3,2,3,3,3,4,4,3,3,2,2,1,-99,-99,-99,-99,-99,-99,-99,-99,-99,-99,-99,-99,-99,"Some of my answers I may have indicated lower due to the fact that occasionally student workers are providing the service and may not have the expertise that a full-time employee may have.  Overall, I am very happy with the library and the technology supported to me."
2/18/2021 11:29,2/18/2021 11:42,,,,,,,,,,,,,,email,EN,1,2,1,3,5,1,1,1,1,1,2,1,1,5,4,4,5,2,1,1,1,3,3,4,4,4,-99,1,1,1,1,1,4,4,2,4,4,4,4,4,4,4,4,2,2,4,2,-99,-99,4,4,4,4,-99,-99,-99,-99,-99,-99,4,4,-99,-99,4,3,4,4,4,4,4,4,-99,-99,4,-99,3,3,4,4,4,4,4,4,4,4,-99,-99,-99,-99,-99,-99,-99,-99,-99,-99,-99,-99,4,4,4,4,0,1,1,1,1,4,1,3,4,3,1,2,2,2,3,3,3,3,2003,1,3,1,-99,42.5,1,0,0,0,0,0,0,-99
2/18/2021 11:29,2/18/2021 11:43,,,,,,,,,,,,,,email,EN,3,1,1,5,3,1,2,1,2,1,2,1,1,1,1,4,5,1,1,3,3,-99,-99,4,3,-99,-99,-99,-99,-99,3,-99,3,3,-99,-99,4,3,4,-99,4,4,3,3,-99,3,3,4,4,-99,-99,4,4,-99,-99,4,-99,4,-99,4,4,-99,-99,4,4,-99,4,-99,4,4,4,4,-99,4,4,3,3,4,4,4,4,4,4,4,4,4,4,4,4,4,4,4,4,4,4,4,4,4,4,4,4,0,1,1,0,1,3,3,3,3,3,3,4,4,3,3,4,3,2,1987,1,4,2,-99,67.5,1,0,0,0,0,1,0,-99
2/18/2021 11:50,2/18/2021 11:58,,,,,,,,,,,,,,email,EN,1,1,1,1,1,1,1,1,1,1,1,1,1,1,1,1,1,1,1,1,2,1,1,3,3,3,2,2,2,1,1,2,3,4,4,2,3,3,4,4,4,4,3,4,2,3,2,-99,-99,-99,-99,2,3,2,-99,-99,-99,-99,-99,3,3,-99,2,3,3,3,2,3,2,3,2,2,-99,3,-99,2,1,4,4,4,3,4,4,4,4,4,4,-99,-99,4,4,4,4,-99,-99,-99,-99,-99,-99,-99,-99,0,1,1,0,1,3,1,3,3,3,2,3,2,2,4,2,2,2,2019,1,1,1,-99,52.5,0,1,0,0,0,0,0,-99
2/18/2021 9:07,2/18/2021 11:59,,,,,,,,,,,,,,email,EN,1,1,1,5,5,3,1,1,1,1,2,1,1,4,5,5,4,1,1,-99,-99,3,3,4,4,-99,-99,-99,-99,-99,-99,-99,3,3,-99,4,4,4,3,4,3,3,3,3,-99,-99,-99,-99,-99,-99,-99,4,-99,-99,-99,-99,-99,-99,-99,4,4,-99,-99,3,3,4,4,4,4,4,4,4,-99,4,-99,2,2,4,4,4,4,-99,-99,-99,-99,-99,-99,-99,-99,-99,-99,-99,-99,-99,-99,-99,-99,-99,-99,-99,-99,0,1,1,0,0,4,1,3,3,2,1,3,3,1,1,1,1,1,2014,1,3,1,-99,32.5,1,0,0,0,0,0,0,-99
2/18/2021 12:00,2/18/2021 12:08,,,,,,,,,,,,,,email,EN,1,2,1,4,4,1,1,2,1,1,1,1,1,5,5,5,4,3,1,-99,-99,3,2,4,4,3,-99,-99,-99,2,-99,-99,3,3,2,4,4,4,4,4,4,4,3,2,-99,3,2,-99,-99,3,3,4,4,-99,4,4,4,4,4,3,3,4,3,1,1,4,4,4,4,4,4,4,4,3,4,2,2,4,3,3,3,-99,-99,-99,-99,4,4,4,4,-99,-99,-99,-99,-99,-99,-99,-99,-99,-99,-99,-99,0,0,1,0,0,3,3,4,4,2,1,2,2,1,1,1,2,2,2007,1,2,1,-99,37.5,1,0,0,0,0,0,0,-99
2/18/2021 12:50,2/18/2021 12:57,,,,,,,,,,,,,,email,EN,2,1,1,5,5,1,2,2,2,2,2,1,1,1,5,5,5,5,2,4,4,3,3,4,4,4,2,3,3,4,4,4,4,4,1,4,4,4,4,4,4,4,4,4,2,3,2,4,4,4,4,4,4,-99,-99,-99,4,4,-99,4,4,4,-99,4,4,4,4,4,4,4,4,4,4,4,4,4,3,4,4,4,4,-99,-99,-99,-99,-99,-99,-99,-99,4,4,4,4,-99,-99,-99,-99,4,4,4,4,0,1,1,0,1,3,4,4,4,3,3,3,3,4,4,1,2,1,1999,1,4,1,-99,57.5,1,0,0,0,0,0,0,-99
2/18/2021 12:53,2/18/2021 13:07,,,,,,,,,,,,,,email,EN,2,1,1,5,4,1,1,2,1,1,1,1,2,5,5,5,4,1,1,4,4,4,4,4,4,-99,-99,1,4,4,4,4,4,3,4,4,4,3,3,4,4,4,4,3,-99,-99,3,-99,-99,-99,-99,4,-99,-99,-99,-99,4,4,-99,-99,4,-99,4,3,2,4,4,4,4,4,-99,-99,-99,4,-99,2,2,-99,-99,-99,-99,-99,-99,-99,-99,-99,-99,-99,-99,-99,-99,-99,-99,-99,-99,-99,-99,-99,-99,-99,-99,0,1,1,0,0,3,3,5,5,2,1,1,1,2,2,2,2,1,2020,2,1,1,-99,52.5,1,0,0,0,0,0,0,-99
2/18/2021 13:17,2/18/2021 13:28,,,,,,,,,,,,,,email,EN,1,2,1,2,2,1,1,1,1,-99,2,1,1,1,4,4,3,1,1,2,2,2,2,2,3,3,1,2,2,2,1,1,3,3,3,3,3,3,3,3,3,3,3,2,1,3,3,-99,-99,3,3,3,3,-99,3,-99,4,-99,-99,3,3,3,3,3,3,3,3,3,4,4,4,-99,-99,4,4,2,2,4,4,4,4,4,4,4,4,4,4,4,4,-99,-99,-99,-99,-99,-99,-99,-99,-99,-99,-99,-99,0,0,1,0,1,3,3,1,3,2,2,2,2,2,2,2,2,2,1987,1,1,1,-99,67.5,1,0,0,0,0,0,0,-99
2/18/2021 13:43,2/18/2021 13:52,,,,,,,,,,,,,,email,EN,5,3,3,5,5,1,1,3,2,1,4,3,1,5,4,5,-99,2,2,4,4,3,3,4,4,2,-99,3,-99,3,-99,-99,4,4,1,4,4,4,2,2,4,4,3,2,2,4,2,1,-99,4,4,4,4,-99,2,-99,4,-99,-99,3,3,4,-99,4,3,4,4,4,4,3,3,3,4,4,4,4,2,4,3,3,4,3,4,4,3,4,4,4,4,4,4,4,4,-99,-99,-99,-99,4,4,4,4,1,1,1,0,0,5,5,4,4,1,1,1,1,3,3,4,4,2,2016,1,3,2,-99,32.5,1,0,0,0,0,0,0,-99
2/18/2021 13:59,2/18/2021 14:07,,,,,,,,,,,,,,email,EN,1,2,1,-99,4,1,1,2,1,1,2,1,5,5,1,1,5,1,1,1,1,2,2,3,1,4,1,1,1,2,1,1,4,4,4,4,4,3,4,2,3,3,3,2,3,3,2,-99,-99,4,4,4,4,-99,-99,-99,-99,3,-99,4,3,3,4,4,4,4,4,-99,3,4,4,3,3,4,-99,3,2,4,3,3,2,3,3,3,2,3,2,3,3,3,3,3,3,3,3,3,3,3,3,3,3,0,1,1,0,1,4,1,3,4,2,1,4,2,1,2,1,1,3,1993,1,4,1,-99,62.5,1,0,0,0,0,0,0,-99
2/18/2021 14:18,2/18/2021 14:29,,,,,,,,,,,,,,email,EN,1,2,2,5,1,1,1,1,1,1,3,1,2,5,5,5,5,2,1,-99,-99,3,3,4,-99,4,-99,-99,-99,-99,-99,-99,4,4,2,4,4,4,4,4,4,4,4,3,-99,4,-99,-99,-99,4,4,4,3,-99,-99,-99,-99,-99,-99,3,4,-99,4,3,3,3,3,3,4,4,3,3,-99,4,-99,3,2,4,4,3,3,4,4,4,4,-99,-99,-99,-99,-99,-99,-99,-99,4,4,-99,-99,3,3,3,3,1,1,1,1,0,3,3,3,3,2,2,2,2,3,3,3,3,3,2007,1,1,1,-99,57.5,1,0,0,0,0,0,0,-99
2/18/2021 14:14,2/18/2021 14:30,,,,,,,,,,,,,,email,EN,1,1,1,5,4,1,1,1,1,1,2,1,1,3,5,5,5,3,1,-99,-99,-99,-99,4,4,4,-99,-99,-99,-99,-99,-99,4,4,-99,4,4,4,4,4,4,4,4,4,-99,4,-99,-99,-99,-99,-99,4,3,-99,-99,-99,-99,-99,-99,4,4,-99,-99,4,4,4,4,4,4,4,3,3,-99,3,-99,2,3,4,4,4,4,4,4,3,3,-99,-99,-99,-99,-99,-99,-99,-99,-99,-99,-99,-99,-99,-99,-99,-99,0,1,1,1,1,3,3,3,4,3,1,3,2,4,4,4,4,1,2018,1,3,1,-99,57.5,1,0,0,0,0,0,0,-99
2/18/2021 14:55,2/18/2021 15:07,,,,,,,,,,,,,,email,EN,1,1,2,5,4,1,1,1,1,1,1,1,2,2,5,5,5,3,1,1,1,3,3,4,3,4,1,1,-99,4,1,1,3,3,3,4,4,4,4,4,4,4,4,4,1,4,2,2,2,4,4,4,3,-99,-99,-99,-99,-99,-99,-99,4,4,3,3,3,4,4,3,3,4,4,4,-99,3,-99,3,2,4,4,4,4,4,4,4,4,3,2,2,2,4,3,3,4,-99,-99,-99,-99,-99,-99,-99,-99,0,1,1,1,1,4,1,4,4,4,4,3,3,4,4,2,2,1,2019,1,4,1,-99,52.5,1,0,0,0,0,0,0,"ITS Ticket and Service Desk is extremely helpful just tough to do on-line help sometimes during the pandemic.  Reimaging a laptop which requires 24 hours without your laptop is tough for me personally but ITS had helped me significantly this Covid period with various IT issues.  My laptop has had many many problems!  (not user-based ;)  I would recommend at some point that a new laptop is ordered when the same problems occur time and again even after re-imaging.  I know this might be a budget issue but my laptop has gone in for reimaging, is good for some months, then the old problems come back.  Not finding Wifi networks etc.  Just my two cents.  But I cannot say enough about the patience of the ITS staff in helping me out."
2/18/2021 15:09,2/18/2021 15:16,,,,,,,,,,,,,,email,EN,4,3,2,5,3,1,1,1,2,1,2,1,1,1,5,3,5,2,2,4,3,4,4,4,3,4,1,1,1,1,2,1,4,4,1,4,4,2,3,4,4,4,4,3,2,4,2,2,4,3,3,4,3,-99,-99,-99,-99,4,-99,3,4,-99,-99,4,4,4,4,4,4,3,4,3,4,3,4,3,2,4,3,3,3,4,3,3,3,-99,-99,-99,-99,-99,-99,-99,-99,4,4,4,4,-99,-99,-99,-99,0,1,1,0,1,4,3,4,4,2,2,2,2,2,3,3,3,2,2012,1,4,2,-99,47.5,1,0,0,0,0,0,0,-99
2/18/2021 16:38,2/18/2021 16:45,,,,,,,,,,,,,,email,EN,1,5,1,5,2,1,1,1,1,1,4,1,5,5,5,5,5,1,1,1,1,4,4,4,1,2,1,3,1,1,1,1,3,4,4,4,4,4,4,4,4,4,4,2,1,4,2,-99,-99,3,3,4,3,-99,-99,-99,-99,-99,-99,3,2,-99,4,3,3,4,4,3,2,3,3,-99,-99,3,-99,3,1,4,3,3,3,4,4,4,4,-99,-99,-99,-99,4,4,4,-99,-99,-99,-99,-99,-99,-99,-99,-99,0,1,1,1,1,4,1,4,4,3,1,3,3,4,4,2,2,1,2013,1,4,1,-99,67.5,1,0,0,0,0,0,0,-99
2/18/2021 9:08,2/18/2021 21:04,,,,,,,,,,,,,,email,EN,1,4,-99,4,4,1,1,1,1,1,1,1,1,4,5,5,5,4,1,-99,-99,4,4,4,4,4,-99,-99,-99,-99,-99,-99,-99,-99,-99,4,4,4,4,4,4,4,4,4,-99,4,-99,-99,-99,-99,-99,4,4,-99,-99,-99,-99,-99,-99,-99,-99,-99,-99,4,4,4,4,4,4,4,4,3,-99,3,-99,4,4,4,4,3,3,4,4,3,3,-99,-99,-99,-99,-99,-99,-99,-99,-99,-99,-99,-99,-99,-99,-99,-99,0,0,1,0,0,3,1,1,3,2,1,2,2,2,2,2,2,1,2018,1,1,1,-99,42.5,0,0,1,0,0,0,0,none
2/19/2021 7:27,2/19/2021 7:51,,,,,,,,,,,,,,email,EN,3,2,2,5,5,1,1,1,2,1,3,2,2,1,5,5,5,1,2,2,2,2,2,4,4,1,-99,-99,-99,1,2,1,4,3,2,4,4,3,2,4,4,4,4,2,2,4,3,3,3,3,3,4,-99,-99,4,-99,4,4,-99,4,4,4,4,3,3,-99,3,4,4,4,4,4,4,4,4,2,2,4,4,4,4,4,4,4,4,4,4,4,4,4,4,4,4,4,4,4,4,4,4,4,4,0,1,1,0,1,3,3,3,3,3,3,3,3,2,3,3,3,2,2016,1,4,1,-99,27.5,1,0,0,0,0,0,0,-99
2/19/2021 8:20,2/19/2021 8:30,,,,,,,,,,,,,,email,EN,5,1,1,4,4,1,1,1,1,1,1,1,1,1,5,5,5,1,1,3,3,1,3,4,4,1,1,1,1,1,1,1,3,3,1,3,3,3,4,4,4,4,3,1,2,3,2,4,4,3,3,4,4,-99,-99,-99,-99,2,2,4,4,-99,-99,4,4,4,4,4,4,4,4,-99,-99,4,-99,2,1,4,4,4,4,4,4,4,4,-99,-99,-99,-99,-99,-99,-99,-99,-99,-99,-99,-99,-99,-99,-99,-99,1,1,1,1,1,4,4,4,4,1,1,1,1,1,3,4,4,2,2017,1,1,1,-99,52.5,1,0,0,0,0,0,0,-99
2/19/2021 8:57,2/19/2021 9:03,,,,,,,,,,,,,,email,EN,1,2,1,5,5,1,1,1,1,1,2,1,1,4,4,4,4,1,1,1,1,4,4,4,4,4,1,1,1,1,1,1,3,4,3,4,4,3,2,4,4,3,3,1,1,3,1,-99,-99,4,4,4,2,-99,-99,-99,-99,-99,-99,2,2,-99,4,4,4,4,4,4,4,3,3,-99,-99,-99,-99,3,2,4,2,2,2,-99,-99,-99,-99,-99,-99,-99,-99,-99,-99,-99,-99,-99,-99,-99,-99,-99,-99,-99,-99,0,1,1,0,1,3,2,4,4,2,1,1,1,1,1,1,1,1,2019,1,4,1,-99,32.5,1,0,0,0,0,0,0,-99
2/19/2021 9:01,2/19/2021 9:10,,,,,,,,,,,,,,email,EN,1,3,2,5,3,1,2,1,1,1,2,1,2,3,3,3,3,2,1,1,1,4,3,4,2,2,1,2,2,2,2,2,3,2,4,4,4,4,3,4,4,3,2,2,2,3,3,-99,-99,3,2,4,3,3,4,3,3,3,3,2,3,3,3,3,3,3,3,3,3,3,3,3,3,3,4,2,1,3,2,2,3,3,3,3,3,4,4,4,3,3,3,3,3,3,3,3,3,4,4,4,4,1,1,1,0,1,3,2,3,3,2,2,2,2,4,3,3,3,2,2019,1,3,2,-99,42.5,1,0,0,0,0,0,0,-99
2/19/2021 9:06,2/19/2021 9:14,,,,,,,,,,,,,,email,EN,1,1,1,5,4,2,2,1,1,1,3,1,1,4,5,5,4,3,2,-99,-99,-99,3,4,4,4,3,3,-99,-99,-99,-99,4,4,-99,4,4,4,4,4,4,4,4,4,4,4,4,-99,-99,-99,4,4,4,4,-99,-99,-99,-99,-99,4,4,-99,-99,4,4,4,4,4,4,4,4,4,-99,4,-99,2,2,4,4,4,4,-99,-99,-99,-99,-99,-99,-99,-99,-99,-99,-99,-99,-99,-99,-99,-99,-99,-99,-99,-99,1,1,0,0,1,4,1,4,4,2,1,3,3,3,3,3,3,2,2020,1,1,1,-99,47.5,0,0,1,0,0,0,0,-99
2/19/2021 13:02,2/19/2021 13:10,,,,,,,,,,,,,,email,EN,1,3,1,4,1,1,1,1,1,1,2,1,2,4,4,4,5,2,1,1,1,4,4,4,2,4,1,1,1,1,1,1,4,4,3,4,4,4,4,4,4,4,4,2,2,4,2,-99,-99,3,3,4,2,-99,-99,-99,-99,-99,-99,3,2,-99,3,3,3,4,4,2,3,3,3,3,-99,3,-99,1,1,3,3,2,2,3,3,2,2,-99,-99,-99,-99,-99,-99,-99,-99,-99,-99,-99,-99,-99,-99,-99,-99,0,1,1,1,1,3,2,3,3,2,1,2,2,1,3,2,3,1,2014,1,1,1,-99,47.5,1,0,0,0,0,0,0,-99
2/19/2021 14:42,2/19/2021 15:24,,,,,,,,,,,,,,email,EN,1,1,1,4,5,1,1,1,1,1,3,1,1,5,1,3,3,2,1,1,1,-99,-99,4,4,3,1,1,1,1,1,1,4,3,1,4,4,4,4,2,4,3,3,3,1,3,1,-99,-99,-99,-99,4,4,-99,-99,-99,-99,-99,-99,4,4,-99,-99,4,4,4,4,-99,4,4,4,4,-99,4,-99,2,1,4,4,4,4,-99,-99,-99,-99,-99,-99,-99,-99,-99,-99,-99,-99,-99,-99,-99,-99,-99,-99,-99,-99,0,1,1,0,1,3,2,4,4,4,2,4,4,3,3,3,3,3,2020,1,4,2,-99,52.5,-99,-99,-99,-99,-99,-99,-99,-99
2/19/2021 12:30,2/19/2021 15:40,,,,,,,,,,,,,,email,EN,1,1,1,5,5,1,1,1,1,1,2,1,1,1,1,5,4,2,1,-99,-99,1,1,4,4,4,1,1,1,1,1,1,2,3,2,4,4,2,3,3,4,4,4,2,1,4,1,-99,-99,-99,-99,4,4,-99,-99,-99,-99,-99,-99,3,3,-99,3,4,4,4,2,-99,4,4,4,3,-99,4,-99,2,2,3,3,3,3,3,3,3,3,-99,-99,-99,-99,-99,-99,-99,-99,-99,-99,-99,-99,-99,-99,-99,-99,1,1,1,0,0,3,1,3,4,2,1,3,2,1,2,3,3,1,2015,1,3,1,-99,23,1,0,0,0,0,0,0,"I tried to answer this survey from my perspective as a full-time staff member at FSU and my status working remotely (since March 2020 and for the indefinite future). Some of my answers do depend if I am working on campus or working remotely. Additionally, I was a student at Framingham State, so I have used some of these services as a student but not as a staff member."
2/19/2021 15:38,2/19/2021 15:49,,,,,,,,,,,,,,email,EN,5,2,2,4,5,2,1,1,2,1,3,1,1,2,1,5,3,2,1,4,4,4,4,4,4,4,2,2,2,3,-99,2,4,2,2,4,4,4,2,3,4,4,4,2,2,4,3,3,2,3,2,4,2,-99,-99,-99,-99,4,-99,2,2,-99,2,2,2,4,3,2,4,2,3,3,-99,2,3,3,3,4,2,3,2,4,4,4,4,4,4,4,4,-99,-99,-99,-99,4,4,4,4,4,4,4,4,0,1,1,0,1,3,4,3,3,3,4,2,2,4,3,1,1,1,2019,1,4,1,-99,57.5,1,0,0,0,0,0,0,-99
2/20/2021 15:14,2/20/2021 15:29,,,,,,,,,,,,,,email,EN,1,5,2,5,5,2,1,1,1,1,1,1,1,4,2,-99,4,3,1,-99,-99,4,4,4,4,4,2,1,3,4,4,4,3,4,3,4,4,4,4,4,4,4,3,4,-99,4,1,-99,-99,3,3,4,3,2,-99,-99,-99,-99,-99,-99,3,-99,-99,4,3,4,3,3,3,3,2,3,2,3,2,3,1,4,3,2,2,4,-99,-99,-99,4,4,3,3,-99,-99,-99,-99,-99,-99,-99,-99,4,4,3,3,1,1,1,0,0,4,1,4,4,3,1,4,4,2,3,3,3,1,2014,1,4,1,-99,52.5,1,0,0,0,0,0,0,thank you for proposing this survey
2/20/2021 16:52,2/20/2021 17:11,,,,,,,,,,,,,,email,EN,4,3,-99,5,5,2,2,2,2,1,2,1,1,5,5,5,5,3,2,4,4,4,4,4,4,4,3,2,4,4,4,2,4,4,3,4,4,4,4,4,4,4,4,4,4,4,4,3,3,3,2,3,2,-99,-99,3,3,3,3,3,2,-99,-99,1,1,3,3,4,2,2,2,2,3,2,3,2,2,4,3,3,3,4,3,3,2,4,4,4,4,4,4,4,4,4,4,4,4,4,4,3,3,0,1,1,1,1,4,4,4,3,3,2,2,2,2,3,4,4,1,2005,1,1,1,-99,57.5,1,0,0,0,0,0,0,-99
2/22/2021 8:36,2/22/2021 8:46,,,,,,,,,,,,,,email,EN,1,-99,2,2,1,1,1,1,2,1,2,-99,1,2,5,3,3,2,2,1,1,2,2,2,2,2,2,2,2,2,2,2,3,3,1,4,4,3,4,4,4,4,4,3,2,4,2,-99,-99,4,4,4,4,-99,-99,-99,-99,-99,-99,4,4,-99,-99,4,4,4,4,4,4,4,4,4,4,4,4,2,2,4,4,4,4,4,4,4,4,-99,-99,-99,-99,-99,-99,-99,-99,-99,-99,-99,-99,-99,-99,-99,-99,1,0,1,1,1,3,1,3,3,3,2,3,3,1,2,3,3,1,1999,1,1,1,-99,72.5,1,0,0,0,0,0,0,-99
2/22/2021 9:46,2/22/2021 9:53,,,,,,,,,,,,,,email,EN,1,3,3,5,5,1,3,3,3,1,5,2,1,5,5,5,5,2,5,1,1,-99,-99,-99,-99,-99,1,2,4,-99,-99,3,-99,4,1,-99,-99,3,-99,-99,-99,-99,-99,4,4,-99,-99,-99,-99,2,1,4,2,-99,3,3,2,4,-99,1,1,-99,-99,2,2,2,3,4,4,2,1,3,3,1,3,1,2,3,1,1,2,4,4,4,4,3,2,2,3,-99,-99,-99,-99,-99,-99,-99,-99,-99,-99,-99,-99,0,1,1,0,1,3,1,2,4,4,4,4,4,3,4,4,4,2,2006,1,1,1,-99,-99,-99,-99,-99,-99,-99,-99,0,-99
2/22/2021 10:34,2/22/2021 10:42,,,,,,,,,,,,,,email,EN,1,1,1,5,5,1,1,1,1,1,3,1,5,5,4,5,4,2,1,-99,-99,-99,-99,4,4,4,-99,-99,-99,-99,-99,-99,4,3,4,1,1,4,3,4,4,3,3,2,-99,4,-99,-99,-99,-99,-99,4,4,-99,-99,-99,-99,-99,-99,4,4,-99,4,-99,-99,4,4,4,4,4,-99,-99,-99,4,-99,2,1,4,4,4,4,-99,-99,-99,-99,-99,-99,-99,-99,-99,-99,-99,-99,-99,-99,-99,-99,-99,-99,-99,-99,0,1,1,0,1,3,4,3,4,1,1,1,1,1,1,3,3,1,2020,1,4,1,-99,52.5,1,0,0,0,0,0,0,-99
2/22/2021 10:40,2/22/2021 10:48,,,,,,,,,,,,,,email,EN,-99,3,3,5,5,1,1,1,1,1,2,1,1,5,5,5,5,2,1,-99,-99,4,4,4,4,4,-99,-99,-99,-99,-99,-99,4,4,-99,4,4,4,3,4,4,4,4,4,1,4,1,-99,-99,4,4,4,4,-99,-99,-99,-99,-99,-99,4,4,-99,-99,3,3,4,4,3,4,3,4,4,-99,4,-99,2,1,4,4,4,4,4,4,4,4,-99,-99,-99,-99,-99,-99,-99,-99,-99,-99,-99,-99,4,4,4,4,1,1,1,1,1,4,2,3,4,3,3,3,2,3,3,3,3,1,2018,1,1,1,-99,47.5,1,0,0,0,0,0,0,"The staff have been PHENOMENAL, especially with the transition to remote work!  "
2/22/2021 14:20,2/22/2021 14:40,,,,,,,,,,,,,,email,EN,1,1,1,2,4,4,1,2,1,1,2,2,1,4,4,2,4,1,1,1,1,1,1,3,4,3,3,2,2,2,1,1,3,4,3,4,4,4,4,4,4,4,4,2,3,4,3,-99,-99,-99,-99,4,4,4,3,-99,4,-99,-99,3,4,4,4,4,3,4,4,4,4,4,4,4,4,3,4,3,2,4,4,3,3,-99,-99,-99,-99,4,4,4,4,-99,-99,-99,-99,-99,-99,-99,-99,-99,-99,-99,-99,1,1,1,0,0,4,1,3,3,4,1,4,4,1,3,2,3,1,-99,1,1,1,-99,-99,1,0,0,0,0,0,0,-99
2/22/2021 14:43,2/22/2021 14:52,,,,,,,,,,,,,,email,EN,1,2,2,3,3,2,1,1,1,1,2,1,1,3,4,4,5,2,1,-99,-99,3,4,4,4,4,3,-99,-99,-99,-99,-99,3,4,3,4,4,4,3,4,4,4,4,3,-99,4,-99,-99,-99,4,4,4,3,4,-99,-99,-99,-99,-99,3,4,-99,-99,4,3,3,4,4,4,3,4,4,-99,4,-99,3,3,4,3,3,4,4,3,4,4,-99,-99,-99,-99,-99,-99,-99,-99,-99,-99,-99,-99,-99,-99,-99,-99,1,1,1,0,1,3,1,3,4,2,1,1,1,2,2,3,3,2,2019,1,4,1,-99,37.5,1,0,0,0,0,0,0,-99
2/22/2021 16:19,2/22/2021 16:28,,,,,,,,,,,,,,email,EN,2,4,1,-99,4,3,1,1,1,1,2,1,1,1,1,4,4,1,1,2,2,2,2,4,4,3,2,1,1,1,1,1,2,1,1,4,4,2,2,3,4,4,3,1,1,2,1,-99,-99,4,-99,3,3,4,-99,-99,-99,-99,-99,4,-99,-99,-99,4,4,-99,-99,2,4,4,4,-99,-99,-99,-99,2,2,4,4,4,4,-99,-99,-99,-99,4,4,4,4,4,4,4,4,-99,-99,-99,-99,-99,-99,-99,-99,1,1,1,0,1,4,3,4,3,1,1,4,4,3,3,3,1,2,2014,1,1,2,-99,23,1,0,0,0,0,0,0,I tried to get gotomyPC going on my work computer/home work computer but never was able to set it up. My comments on those questions might not be applicable.
2/22/2021 17:00,2/22/2021 17:09,,,,,,,,,,,,,,email,EN,3,5,2,5,5,1,1,1,2,1,2,2,1,5,4,4,5,1,1,-99,-99,3,3,4,4,3,-99,2,2,-99,3,-99,4,3,-99,4,4,4,4,4,4,4,4,-99,2,4,3,-99,-99,4,4,4,4,-99,4,4,-99,4,-99,4,4,4,-99,3,3,3,4,4,4,3,3,-99,4,4,4,3,3,4,3,4,4,4,4,4,4,4,4,4,4,-99,-99,-99,-99,-99,-99,-99,-99,-99,-99,-99,-99,0,1,1,0,1,4,4,4,4,2,2,2,2,1,2,1,1,1,-99,1,1,1,-99,-99,1,0,0,0,0,0,0,-99
2/23/2021 8:10,2/23/2021 8:16,,,,,,,,,,,,,,email,EN,1,1,1,5,3,1,1,1,1,1,1,1,2,1,5,5,5,2,2,1,1,1,1,4,4,4,1,1,1,1,1,1,3,4,4,4,4,4,4,4,4,4,4,4,3,4,3,-99,-99,-99,-99,4,4,-99,4,4,4,4,-99,-99,4,4,4,4,4,-99,4,4,4,4,4,4,4,4,4,2,2,-99,-99,-99,-99,-99,-99,-99,-99,-99,-99,-99,-99,-99,-99,-99,-99,-99,-99,-99,-99,-99,-99,-99,-99,0,1,1,1,1,3,3,3,3,3,2,3,3,3,3,3,3,1,2018,1,4,1,-99,57.5,0,1,0,0,0,0,0,-99
2/23/2021 8:10,2/23/2021 8:19,,,,,,,,,,,,,,email,EN,2,2,1,5,2,1,1,1,1,2,2,1,1,2,5,5,5,2,1,2,2,1,1,4,3,3,1,1,1,1,1,2,3,2,2,4,4,4,3,4,4,4,3,3,1,3,1,4,-99,4,4,4,4,-99,-99,-99,-99,-99,4,4,4,-99,4,4,4,4,3,4,4,4,4,4,4,4,4,3,2,3,4,3,3,4,4,4,4,-99,-99,-99,-99,-99,-99,-99,-99,4,4,4,3,4,4,4,4,0,1,1,1,1,3,3,3,4,2,2,3,3,1,2,2,2,1,2010,1,4,2,-99,37.5,1,0,0,0,0,0,0,-99
2/23/2021 8:10,2/23/2021 8:20,,,,,,,,,,,,,,email,EN,1,1,1,2,5,1,1,1,1,1,1,1,5,5,5,5,5,2,1,1,1,1,1,4,4,4,2,1,1,1,1,1,4,4,4,4,4,4,4,4,4,4,4,4,1,4,1,-99,-99,-99,-99,2,4,4,-99,-99,-99,-99,-99,4,4,-99,4,4,4,4,4,4,4,4,4,4,-99,4,4,3,2,4,4,3,3,4,4,3,3,-99,-99,-99,-99,-99,-99,-99,-99,-99,-99,-99,-99,4,4,4,4,0,0,1,1,0,3,1,2,4,1,1,3,1,1,1,1,1,1,2013,1,1,1,-99,67.5,1,0,0,0,0,0,0,-99
2/18/2021 7:54,2/23/2021 8:24,,,,,,,,,,,,,,email,EN,1,1,1,4,5,1,1,1,1,1,3,1,5,1,5,1,1,1,1,-99,-99,-99,-99,4,4,4,-99,-99,-99,-99,-99,-99,4,4,4,4,4,4,4,4,4,-99,-99,3,2,4,-99,-99,-99,-99,-99,4,4,-99,-99,-99,-99,-99,-99,4,4,-99,4,3,3,4,2,4,4,-99,-99,4,4,4,-99,2,3,4,4,4,4,-99,-99,-99,-99,-99,-99,-99,-99,-99,-99,-99,-99,-99,-99,-99,-99,-99,-99,-99,-99,0,1,1,0,0,3,1,3,4,1,1,1,1,1,1,3,3,3,2020,1,3,1,-99,23,1,0,0,0,0,0,1,-99
2/23/2021 8:17,2/23/2021 8:24,,,,,,,,,,,,,,email,EN,1,-99,2,5,2,1,1,2,2,2,3,2,2,5,5,5,4,3,2,-99,-99,2,2,3,3,4,-99,3,3,3,3,3,4,4,3,4,4,4,3,4,4,3,3,3,3,4,4,-99,-99,-99,-99,4,3,-99,4,4,4,4,4,3,2,4,4,3,3,3,3,4,4,3,4,3,4,3,4,3,3,4,4,3,2,-99,-99,-99,-99,3,4,4,-99,4,4,4,4,4,4,4,4,-99,-99,-99,-99,1,1,1,0,1,3,1,4,4,2,1,3,2,3,3,3,3,2,2018,1,4,1,-99,42.5,1,0,0,0,0,0,0,-99
2/23/2021 8:19,2/23/2021 8:26,,,,,,,,,,,,,,email,EN,1,1,1,2,1,1,1,1,1,1,1,1,1,1,1,1,1,1,1,1,1,1,1,1,1,1,1,1,1,1,1,1,1,1,1,1,1,1,4,1,3,4,4,3,1,4,1,-99,-99,-99,-99,-99,-99,-99,-99,-99,-99,-99,-99,-99,-99,-99,-99,-99,2,-99,2,-99,3,4,4,4,4,4,4,-99,-99,4,4,4,4,4,4,4,4,4,4,4,4,4,4,4,4,4,4,4,4,4,4,4,4,1,1,1,1,1,3,3,3,3,2,2,2,2,1,1,1,1,1,2001,1,4,2,-99,42.5,1,0,0,0,0,0,0,No
2/18/2021 9:13,2/23/2021 8:32,,,,,,,,,,,,,,email,EN,2,2,2,4,5,1,1,2,1,1,2,1,1,2,5,5,3,1,1,3,3,2,4,4,4,4,1,3,3,3,4,2,4,4,3,4,4,4,3,4,4,3,3,3,3,4,4,4,3,3,3,4,4,-99,4,4,4,4,4,4,4,4,4,4,4,4,4,4,4,4,4,4,4,4,4,2,2,4,4,4,3,-99,-99,-99,-99,4,4,4,4,-99,-99,-99,-99,-99,-99,-99,-99,-99,-99,-99,-99,0,1,1,0,0,3,4,3,4,1,2,2,1,1,2,3,3,1,2013,1,1,1,-99,32.5,1,0,0,0,0,0,0,-99
2/23/2021 8:27,2/23/2021 8:36,,,,,,,,,,,,,,email,EN,1,1,1,5,2,1,1,1,4,1,3,1,1,2,1,5,5,1,2,2,2,3,3,4,4,4,1,1,1,1,4,1,4,1,2,4,4,4,4,1,4,4,4,4,2,1,3,-99,-99,3,4,4,4,-99,-99,-99,-99,4,-99,4,-99,-99,4,3,3,3,4,-99,4,4,4,4,-99,-99,4,2,2,4,4,4,4,-99,-99,-99,-99,3,4,4,4,4,4,-99,4,-99,-99,-99,-99,-99,-99,-99,-99,1,1,1,1,0,2,1,2,3,3,3,4,4,4,3,1,1,1,2015,1,1,1,-99,62.5,1,0,0,0,0,0,0,-99
2/23/2021 8:33,2/23/2021 8:38,,,,,,,,,,,,,,email,EN,2,1,1,5,5,1,1,1,1,1,1,1,2,1,5,5,4,2,1,1,1,1,1,4,4,4,1,1,1,1,1,1,1,3,2,4,-99,2,3,-99,-99,-99,3,3,1,4,2,-99,-99,-99,-99,4,4,-99,-99,-99,-99,-99,-99,-99,4,-99,-99,3,3,-99,3,4,4,4,4,4,-99,4,-99,2,1,4,4,4,4,-99,-99,-99,-99,-99,-99,-99,-99,-99,-99,-99,-99,-99,-99,-99,-99,-99,-99,-99,-99,1,1,1,0,1,3,2,3,4,2,2,2,1,2,3,3,3,3,2000,1,4,1,-99,47.5,1,0,0,0,0,0,0,-99
2/23/2021 8:32,2/23/2021 8:42,,,,,,,,,,,,,,email,EN,4,2,1,5,5,4,2,2,3,2,2,3,1,5,5,5,5,2,3,4,4,4,3,4,4,3,4,2,2,2,4,2,4,4,4,4,4,4,3,4,4,4,4,3,4,4,4,4,4,3,4,4,3,3,4,3,3,3,3,4,3,4,4,3,3,4,4,4,4,3,3,3,3,3,3,2,2,4,4,4,3,4,4,4,3,4,4,4,4,4,4,4,4,4,4,4,4,-99,-99,-99,-99,0,1,1,1,1,3,3,4,4,4,4,4,4,4,3,3,3,2,2007,1,4,1,-99,47.5,0,1,0,0,0,0,0,-99
2/23/2021 8:34,2/23/2021 8:44,,,,,,,,,,,,,,email,EN,5,1,1,4,1,4,1,1,2,1,3,3,3,1,5,5,5,3,3,4,4,1,1,4,2,3,4,3,2,1,1,1,4,4,4,4,4,4,4,4,4,4,4,3,3,4,4,4,4,-99,-99,4,4,4,4,4,4,4,4,4,4,-99,-99,-99,-99,-99,-99,-99,4,4,4,4,4,4,4,4,4,4,4,4,4,4,4,4,4,4,4,4,4,4,4,4,4,4,4,4,4,4,4,4,4,1,1,1,0,1,4,4,4,4,4,4,3,3,3,4,4,4,1,2000,1,1,1,-99,72.5,1,0,0,0,0,0,0,no
2/23/2021 8:38,2/23/2021 8:46,,,,,,,,,,,,,,email,EN,1,1,1,5,5,1,1,1,1,1,1,1,1,1,5,5,4,2,1,-99,-99,-99,-99,4,4,4,-99,-99,-99,-99,-99,-99,3,4,-99,4,4,4,3,4,4,4,4,3,-99,4,-99,-99,-99,-99,-99,4,3,-99,-99,-99,-99,-99,-99,4,3,-99,-99,4,4,4,4,4,4,4,4,4,-99,4,-99,3,2,4,4,4,4,4,4,4,4,-99,-99,-99,-99,-99,-99,-99,-99,-99,-99,-99,-99,-99,-99,-99,-99,0,1,1,0,1,3,1,3,3,2,1,2,2,1,3,3,3,2,2001,1,1,1,-99,47.5,1,0,0,0,0,0,0,-99
2/23/2021 8:30,2/23/2021 8:46,,,,,,,,,,,,,,email,EN,1,1,1,5,5,1,1,2,1,1,2,2,1,5,5,5,3,1,1,-99,-99,-99,-99,4,4,4,-99,3,1,2,-99,1,3,4,-99,4,4,4,4,4,4,4,4,3,2,4,-99,-99,-99,-99,-99,4,4,-99,4,-99,4,-99,-99,4,4,4,-99,4,4,4,4,4,4,4,4,-99,4,4,4,3,3,4,4,4,4,-99,-99,-99,-99,4,4,4,4,-99,-99,-99,-99,-99,-99,-99,-99,-99,-99,-99,-99,1,0,1,0,1,3,1,4,4,2,1,4,4,1,3,2,2,1,2015,1,4,1,-99,-99,1,0,0,0,0,0,0,-99
2/23/2021 8:39,2/23/2021 8:57,,,,,,,,,,,,,,email,EN,5,1,1,5,5,2,3,2,3,1,2,1,1,4,5,5,5,4,2,4,4,3,3,4,4,4,2,2,3,-99,4,-99,3,4,-99,4,4,4,4,4,4,4,4,4,2,4,3,4,4,-99,-99,4,3,-99,-99,3,-99,4,-99,4,3,-99,-99,4,3,4,4,3,4,3,3,4,4,3,4,3,3,4,3,3,3,4,3,3,3,4,4,4,4,4,4,4,4,4,3,4,4,4,4,4,4,1,1,1,1,1,4,3,4,3,3,3,4,4,2,3,3,3,1,2006,1,1,1,-99,62.5,1,0,0,0,0,0,0,-99
2/23/2021 8:52,2/23/2021 9:12,,,,,,,,,,,,,,email,EN,1,1,1,4,5,1,2,2,2,1,1,2,1,-99,5,4,4,2,2,-99,-99,-99,-99,-99,-99,-99,2,2,2,2,-99,-99,-99,4,-99,4,4,4,3,4,4,4,3,3,3,4,3,-99,-99,-99,-99,-99,-99,-99,4,4,4,4,-99,-99,-99,4,-99,3,3,4,3,4,4,4,4,-99,4,4,4,3,3,4,4,4,4,4,4,4,4,4,4,4,4,4,4,4,4,4,4,4,4,4,4,4,4,1,1,1,0,1,3,1,4,4,2,1,2,2,-99,-99,2,2,-99,1997,1,3,1,-99,52.5,1,0,0,0,0,0,0,-99
2/23/2021 9:16,2/23/2021 9:22,,,,,,,,,,,,,,email,EN,1,1,1,3,2,1,1,1,1,1,1,1,1,1,1,3,3,3,1,1,1,1,1,2,1,1,1,1,1,1,1,1,1,1,1,1,1,1,1,1,1,3,2,3,1,3,1,-99,-99,-99,-99,-99,-99,-99,-99,-99,-99,-99,-99,-99,-99,-99,-99,-99,-99,-99,-99,-99,3,3,3,3,-99,3,-99,3,1,4,4,4,4,4,4,4,4,4,4,4,4,4,4,4,4,4,4,4,4,4,4,4,4,1,0,1,0,0,3,1,4,4,2,1,3,3,2,2,2,2,2,2015,1,2,4,-99,67.5,1,0,0,0,0,0,0,-99
2/23/2021 9:25,2/23/2021 9:33,,,,,,,,,,,,,,email,EN,5,5,3,5,5,5,-99,1,3,3,3,1,2,5,5,5,5,5,4,4,4,4,4,4,4,4,4,3,3,3,4,4,4,4,2,4,4,3,4,4,4,4,4,4,4,4,4,4,4,4,4,4,-99,4,-99,4,-99,4,4,4,4,4,4,3,2,3,3,-99,4,4,4,4,4,4,4,3,3,4,4,3,4,4,4,3,4,-99,-99,-99,-99,-99,-99,-99,-99,-99,-99,-99,-99,-99,-99,-99,-99,1,1,1,1,0,4,4,4,4,4,4,4,4,4,4,4,4,4,2019,1,1,1,-99,42.5,1,1,0,0,0,0,0,-99
2/23/2021 9:28,2/23/2021 9:37,,,,,,,,,,,,,,email,EN,2,1,1,5,5,1,1,1,1,1,2,1,1,1,5,4,3,1,1,2,-99,-99,-99,4,4,3,-99,-99,-99,-99,-99,-99,3,-99,-99,4,4,4,1,4,4,3,3,3,-99,3,-99,4,-99,-99,-99,4,3,-99,-99,-99,-99,-99,-99,4,-99,-99,-99,1,1,3,2,4,4,4,-99,-99,-99,4,-99,3,3,4,4,3,3,-99,-99,-99,-99,-99,-99,-99,-99,-99,-99,-99,-99,-99,-99,-99,-99,-99,-99,-99,-99,0,1,1,0,1,3,3,1,4,1,1,2,2,1,2,3,3,1,2016,1,4,2,-99,37.5,1,0,0,0,0,0,0,-99
2/23/2021 9:27,2/23/2021 9:37,,,,,,,,,,,,,,email,EN,3,4,2,4,4,1,3,2,3,1,2,1,1,2,1,1,2,1,2,4,3,4,4,4,4,3,1,1,4,4,4,-99,4,4,-99,4,4,4,4,4,4,4,4,3,3,4,4,4,4,4,4,4,4,4,-99,3,-99,3,-99,4,4,-99,-99,4,3,4,4,-99,4,4,4,4,4,4,4,3,3,4,4,4,4,4,4,4,4,-99,-99,-99,-99,4,4,4,4,4,4,4,4,4,4,4,4,1,1,1,-99,1,3,5,4,4,3,3,4,4,4,4,2,2,1,2012,1,1,2,-99,47.5,1,0,0,0,0,1,0,The IT Help Desk and Deb do a wonderful job and are always responsive. Many thanks for all you do behind the scenes to make us successful and effective.
2/23/2021 9:32,2/23/2021 9:39,,,,,,,,,,,,,,email,EN,1,1,1,1,1,1,2,2,-99,3,1,1,1,3,5,5,5,2,3,-99,-99,4,4,4,4,4,2,3,4,4,4,4,4,4,2,4,4,4,4,4,4,4,4,4,2,4,2,-99,-99,3,4,4,4,4,-99,2,4,3,2,4,4,3,-99,4,4,4,4,4,4,3,4,4,3,4,3,2,2,4,4,4,4,4,4,4,4,4,4,4,4,3,3,3,3,-99,-99,-99,-99,4,4,4,4,0,1,1,0,1,5,3,3,4,3,2,4,2,3,3,3,3,2,1987,1,4,1,-99,62.5,1,0,0,0,0,0,0,"I believe that the library should be doing more to get online resources for our students. I like the idea that we still purchase physical books and materials, but we could be more advanced technologically. I am very impressed with the professionalism at the Help desk and in printing services. "
2/23/2021 9:34,2/23/2021 9:40,,,,,,,,,,,,,,email,EN,2,2,2,3,5,1,1,1,1,1,2,1,3,1,5,2,4,2,1,4,4,4,4,4,4,4,1,1,1,1,1,1,3,3,4,4,4,4,4,4,4,4,4,3,1,3,2,4,4,3,3,4,-99,-99,-99,-99,-99,-99,-99,3,-99,-99,4,4,3,-99,3,3,3,4,-99,3,-99,3,3,2,1,3,3,3,3,-99,-99,-99,-99,4,4,4,4,4,4,4,4,-99,-99,-99,-99,-99,-99,-99,-99,0,1,1,1,0,3,3,3,3,2,2,3,3,1,3,2,4,1,2017,1,1,1,-99,27.5,1,0,0,0,0,0,0,-99
2/23/2021 9:42,2/23/2021 9:48,,,,,,,,,,,,,,email,EN,1,1,1,5,5,1,1,1,1,1,5,1,5,3,5,5,5,5,1,4,4,4,4,4,4,4,3,3,3,3,3,3,4,4,4,4,4,4,4,4,4,4,4,4,4,4,4,-99,-99,-99,-99,-99,-99,-99,-99,-99,-99,-99,-99,-99,-99,-99,4,4,4,4,4,4,4,4,4,4,-99,4,4,3,2,4,4,4,3,4,4,4,3,-99,-99,-99,-99,-99,-99,-99,-99,-99,-99,-99,-99,-99,-99,-99,-99,1,-99,1,1,1,4,3,4,4,4,4,4,4,4,4,4,4,1,2008,1,1,4,-99,-99,0,0,0,0,0,1,0,-99
2/23/2021 9:40,2/23/2021 9:49,,,,,,,,,,,,,,email,EN,1,5,1,5,5,1,1,1,1,1,3,1,1,1,5,4,4,4,2,3,3,4,4,4,4,4,2,2,2,2,2,2,3,3,1,4,4,3,2,4,4,4,4,4,4,4,4,-99,-99,4,4,4,4,-99,-99,-99,-99,-99,-99,4,4,-99,-99,-99,-99,4,2,4,4,4,3,3,3,3,3,2,2,4,4,4,4,4,4,4,4,4,4,4,4,4,4,4,4,-99,-99,-99,-99,4,4,4,4,0,1,1,1,1,3,3,3,3,2,2,2,2,3,3,2,2,1,2019,1,1,4,-99,-99,-99,-99,-99,-99,-99,-99,-99,-99
2/23/2021 10:05,2/23/2021 10:13,,,,,,,,,,,,,,email,EN,1,2,2,1,3,4,1,1,4,1,1,2,1,2,5,5,5,1,3,2,2,2,1,4,4,2,2,2,1,1,4,1,2,3,1,4,4,4,3,4,4,4,4,2,3,4,3,-99,-99,4,4,4,4,4,4,-99,-99,4,-99,4,4,4,-99,4,4,4,4,4,4,4,4,-99,4,4,4,3,3,4,3,3,3,4,4,4,4,4,4,4,4,4,4,4,4,-99,-99,-99,-99,-99,-99,-99,-99,1,0,0,1,0,4,1,3,3,2,2,2,2,1,2,2,2,1,2001,1,1,2,-99,57.5,1,0,0,0,0,0,0,-99
2/23/2021 9:53,2/23/2021 10:17,,,,,,,,,,,,,,email,EN,1,2,2,4,4,5,1,1,1,1,2,1,3,5,5,3,5,4,2,2,2,3,3,4,3,2,3,2,2,1,2,2,3,3,3,4,4,4,4,4,4,4,3,3,2,4,2,-99,-99,3,3,4,3,3,-99,-99,-99,-99,-99,2,2,1,2,4,3,4,3,4,4,4,3,3,-99,3,-99,2,1,2,3,3,3,3,3,2,3,-99,-99,-99,-99,-99,-99,-99,-99,-99,-99,-99,-99,-99,-99,-99,-99,1,1,1,0,1,3,1,2,3,4,4,4,4,4,4,4,4,4,2018,1,4,2,-99,47.5,0,0,1,0,0,0,0,-99
2/23/2021 9:56,2/23/2021 10:19,,,,,,,,,,,,,,email,EN,4,2,2,4,4,3,2,2,3,1,3,3,5,5,5,5,5,5,3,4,4,4,4,4,3,4,4,4,4,4,4,3,4,4,4,4,4,4,4,4,4,4,4,4,3,4,4,4,4,4,4,4,4,4,4,4,4,4,4,4,4,4,4,4,4,4,4,4,4,4,4,4,4,4,4,4,4,4,4,4,4,4,4,4,4,4,4,4,4,4,4,4,4,-99,-99,-99,-99,-99,-99,-99,-99,1,1,1,1,1,4,3,4,4,4,4,4,4,4,3,3,3,1,2012,1,1,1,-99,62.5,1,0,0,0,0,0,0,-99
2/23/2021 10:13,2/23/2021 10:21,,,,,,,,,,,,,,email,EN,1,1,1,1,1,1,1,1,1,1,1,1,1,2,1,1,3,-99,4,-99,-99,-99,-99,-99,-99,2,2,4,3,3,3,3,4,3,-99,3,4,4,4,3,3,4,4,4,4,4,4,-99,-99,-99,-99,-99,4,4,4,4,4,4,4,4,4,4,-99,4,4,4,4,4,4,4,4,4,4,4,4,3,3,4,4,4,4,4,4,4,4,4,4,4,4,4,4,4,4,4,4,4,4,4,4,4,4,1,0,0,0,0,2,1,2,2,3,2,4,4,3,2,3,3,2,2017,1,2,2,-99,62.5,1,0,0,0,0,0,0,Sorry for the delay in taking the survey.
2/23/2021 9:18,2/23/2021 10:33,,,,,,,,,,,,,,email,EN,1,1,1,3,5,2,1,1,1,1,2,-99,1,2,5,5,5,2,2,2,2,2,2,2,2,2,2,2,2,2,3,3,2,2,2,3,3,3,3,3,3,3,2,3,2,2,2,2,2,2,3,2,2,3,3,3,3,3,2,3,3,3,3,3,3,3,3,3,2,3,3,3,2,3,3,2,2,3,3,3,3,3,3,3,3,3,3,3,3,3,3,3,3,3,3,3,3,3,3,3,3,1,1,0,0,0,3,3,2,3,1,1,3,3,3,3,3,3,3,2010,1,2,4,-99,32.5,0,0,0,0,0,1,1,-99
2/23/2021 10:26,2/23/2021 10:33,,,,,,,,,,,,,,email,EN,1,1,1,4,-99,1,1,1,1,1,2,1,1,4,5,4,5,1,1,1,1,1,1,4,4,2,1,1,1,1,1,1,3,-99,1,4,4,4,4,4,4,4,4,-99,1,1,1,-99,-99,-99,-99,4,-99,-99,-99,-99,-99,-99,-99,4,4,-99,-99,4,4,4,3,4,4,4,4,4,4,4,4,2,2,-99,-99,-99,-99,4,3,4,4,-99,-99,-99,-99,-99,-99,-99,-99,-99,-99,-99,-99,-99,-99,-99,-99,1,0,1,0,0,3,1,3,3,1,1,1,1,1,1,1,1,1,2011,1,1,1,-99,47.5,1,0,0,0,0,0,0,-99
2/23/2021 10:27,2/23/2021 10:36,,,,,,,,,,,,,,email,EN,5,1,1,5,5,4,3,2,2,1,2,2,2,5,5,5,5,3,3,4,3,2,2,4,4,3,2,2,2,2,2,2,3,4,1,3,3,3,2,3,3,4,3,2,2,4,2,2,2,3,3,4,3,2,3,3,4,4,3,2,2,4,2,3,3,3,2,4,4,2,2,3,4,3,3,3,2,4,3,2,3,4,3,3,3,3,4,4,4,3,4,4,4,4,4,4,4,4,4,4,4,0,1,1,0,0,3,4,3,3,3,3,3,1,2,3,2,3,2,2011,1,1,1,-99,37.5,1,0,0,0,0,0,0,"I've heard we may be moving to Canvas from Blackboard. It's hard for me to answer questions about Blackboard when we may no longer use it, and being in the dark about a seismic shift from an LMS FSU has used for 20 years is stressful. "
2/23/2021 9:40,2/23/2021 10:24,,,,,,,,,,,,,,email,EN,1,1,1,3,5,-99,1,1,1,1,2,1,2,4,5,5,5,5,2,-99,-99,4,4,4,4,4,-99,-99,-99,-99,-99,-99,-99,4,4,4,4,4,4,4,4,4,4,4,1,4,4,-99,-99,4,4,4,4,4,-99,-99,-99,-99,-99,4,4,-99,4,4,4,4,4,4,4,4,4,4,4,4,4,3,1,4,4,4,4,4,4,4,4,3,3,3,3,4,4,4,4,4,4,4,4,4,4,4,4,0,1,1,0,1,4,4,4,4,4,4,4,4,4,4,4,4,2,-99,1,1,4,-99,67.5,-99,-99,-99,-99,-99,-99,0,-99
2/23/2021 10:41,2/23/2021 10:51,,,,,,,,,,,,,,email,EN,5,1,1,5,5,1,2,2,2,1,2,2,5,5,5,5,5,2,2,4,2,2,2,1,1,3,2,3,3,3,3,3,4,3,4,4,4,4,2,4,4,4,4,4,4,4,4,4,-99,-99,-99,4,4,-99,-99,-99,4,4,-99,4,-99,-99,4,4,4,4,4,4,4,4,4,4,4,4,4,4,4,4,4,4,4,4,4,4,4,4,4,4,4,4,4,4,4,4,4,4,4,4,4,4,4,0,0,1,0,0,4,4,4,4,2,2,3,3,1,3,3,2,1,-99,1,1,1,-99,52.5,1,0,0,0,0,0,0,-99
2/23/2021 10:43,2/23/2021 10:54,,,,,,,,,,,,,,email,EN,1,2,2,5,5,1,1,2,1,1,1,2,1,-99,5,5,3,2,2,-99,-99,-99,2,4,4,4,-99,2,2,2,1,1,3,2,2,4,4,4,3,4,4,3,3,2,2,4,3,-99,-99,4,4,4,4,-99,4,-99,4,-99,-99,4,4,4,4,4,4,4,4,4,4,3,4,3,4,4,4,3,3,4,4,4,4,-99,-99,-99,-99,4,4,4,4,4,4,4,4,3,4,4,4,4,4,4,4,1,1,1,0,1,3,1,3,3,2,2,2,1,2,3,1,2,1,2019,1,3,1,-99,57.5,1,0,0,0,0,0,0,Overall I think that IT does a great job. Thank you. Love the library as well.
2/23/2021 10:46,2/23/2021 10:56,,,,,,,,,,,,,,email,EN,1,1,1,4,4,4,1,1,1,1,1,1,1,4,5,5,3,3,1,-99,-99,-99,-99,4,4,4,3,-99,-99,-99,-99,-99,-99,4,-99,4,4,4,4,4,4,4,4,4,-99,4,-99,-99,-99,-99,-99,4,3,3,-99,-99,-99,-99,-99,-99,3,-99,-99,3,3,3,3,4,4,3,3,3,-99,3,-99,2,2,-99,-99,-99,-99,4,3,3,3,-99,-99,-99,-99,-99,-99,-99,-99,-99,-99,-99,-99,-99,-99,-99,-99,0,1,1,0,0,4,1,4,4,2,1,1,1,1,2,3,1,2,1999,1,1,1,-99,52.5,1,0,0,0,0,0,0,-99
2/23/2021 10:42,2/23/2021 11:04,,,,,,,,,,,,,,email,EN,2,2,2,4,5,5,1,1,1,1,1,1,1,5,2,5,5,5,1,4,4,4,4,4,4,4,2,2,2,2,2,2,2,4,4,4,4,4,4,4,4,4,4,4,2,4,3,4,4,4,4,4,3,3,3,3,3,3,3,3,3,3,3,4,4,4,4,4,4,4,4,4,4,3,3,3,3,4,4,3,4,4,4,3,4,3,3,3,3,3,3,3,3,3,3,3,3,4,4,4,4,0,1,1,0,0,4,4,4,4,4,4,4,4,4,2,4,4,4,2016,1,1,1,-99,-99,0,1,0,0,0,0,1,-99
2/23/2021 10:59,2/23/2021 11:06,,,,,,,,,,,,,,email,EN,1,1,1,5,5,1,-99,1,1,1,1,1,1,5,1,5,4,2,1,-99,-99,-99,-99,4,4,4,-99,3,4,-99,4,4,-99,4,2,4,4,4,4,2,4,4,4,4,1,3,2,-99,-99,-99,-99,3,2,3,-99,-99,-99,-99,-99,-99,-99,-99,-99,3,2,4,3,-99,4,4,4,4,4,4,-99,1,1,2,4,2,2,3,4,3,3,4,4,4,4,4,4,4,4,4,4,4,3,4,4,4,4,0,0,1,0,1,4,3,4,5,4,4,4,4,2,3,3,3,3,2008,1,1,2,-99,32.5,1,0,0,0,0,0,0,-99
2/23/2021 12:38,2/23/2021 12:43,,,,,,,,,,,,,,email,EN,1,1,1,4,-99,1,1,1,1,1,1,-99,5,5,1,1,1,1,1,1,1,1,1,4,4,1,1,1,1,1,1,1,4,1,-99,4,4,4,4,4,1,1,1,1,1,1,1,-99,-99,-99,-99,4,-99,-99,-99,-99,-99,-99,-99,-99,-99,-99,-99,4,4,4,4,3,-99,-99,-99,-99,-99,-99,-99,3,2,-99,-99,-99,-99,-99,-99,-99,-99,-99,-99,-99,-99,-99,-99,-99,-99,-99,-99,-99,-99,-99,-99,-99,-99,0,0,1,1,1,1,1,1,1,1,1,1,1,1,1,1,1,1,2013,1,1,1,-99,62.5,1,0,0,0,0,0,0,-99
2/23/2021 13:08,2/23/2021 13:15,,,,,,,,,,,,,,email,EN,1,1,1,5,5,1,1,1,1,1,2,1,1,5,1,5,5,1,1,-99,-99,-99,-99,4,4,2,-99,-99,-99,-99,2,-99,4,4,4,4,4,4,4,3,4,4,4,2,3,3,2,-99,-99,-99,-99,4,-99,-99,-99,-99,-99,-99,-99,3,3,-99,4,2,2,4,3,-99,-99,4,-99,-99,-99,4,-99,3,2,3,3,3,3,-99,-99,-99,-99,-99,-99,-99,-99,-99,-99,-99,-99,-99,-99,-99,-99,-99,-99,-99,-99,1,1,1,1,1,3,1,3,3,4,3,3,3,2,2,2,2,2,2019,1,1,1,-99,42.5,0,0,1,0,0,0,0,-99
2/23/2021 13:37,2/23/2021 13:44,,,,,,,,,,,,,,email,EN,1,1,1,2,1,1,1,1,1,1,1,1,1,1,5,2,5,2,1,1,1,1,1,1,1,1,1,1,1,1,1,1,4,1,1,3,4,3,3,4,2,4,2,2,1,1,1,-99,-99,-99,-99,4,-99,-99,-99,-99,-99,-99,-99,4,-99,-99,-99,3,3,3,3,4,4,4,-99,-99,-99,-99,-99,2,3,4,3,3,4,4,4,4,4,-99,-99,-99,-99,-99,-99,-99,-99,-99,-99,-99,-99,-99,-99,-99,-99,0,1,1,0,1,4,1,1,1,2,1,2,2,2,2,2,2,2,2001,1,1,2,-99,47.5,1,0,0,0,0,0,0,-99
2/23/2021 13:41,2/23/2021 13:52,,,,,,,,,,,,,,email,EN,1,1,1,4,4,1,1,1,1,1,1,1,1,2,1,1,4,1,1,1,1,1,1,2,2,1,1,1,1,1,1,1,1,1,2,2,2,2,2,1,2,3,2,2,1,3,2,-99,-99,-99,-99,4,4,-99,-99,-99,-99,-99,-99,-99,-99,-99,4,4,4,4,4,-99,4,4,4,4,-99,4,-99,3,3,4,3,3,4,4,4,4,4,-99,-99,-99,-99,-99,-99,-99,-99,4,4,4,4,4,4,4,4,0,0,0,1,0,2,1,3,3,2,2,2,2,1,1,1,1,1,1985,1,4,2,-99,67.5,1,0,0,0,0,0,0,-99
2/23/2021 13:51,2/23/2021 13:58,,,,,,,,,,,,,,email,EN,5,3,1,5,5,1,2,2,4,2,3,1,2,5,5,5,5,2,2,3,3,3,3,4,3,3,2,2,2,2,4,2,4,4,4,4,4,4,4,4,4,4,4,3,2,4,2,4,4,4,4,4,4,4,4,4,4,3,4,4,4,4,4,4,4,4,4,4,4,4,4,4,4,4,4,3,3,4,4,4,4,4,4,4,4,4,4,4,4,4,4,4,4,4,4,4,4,4,4,4,4,0,1,1,1,1,4,3,3,4,3,3,3,3,2,2,3,3,2,1997,1,1,2,-99,57.5,1,0,0,0,0,0,0,-99
2/23/2021 14:23,2/23/2021 14:35,,,,,,,,,,,,,,email,EN,1,1,1,4,1,1,1,2,2,1,3,2,5,5,5,5,5,3,2,-99,-99,-99,-99,3,-99,3,-99,4,4,4,-99,-99,4,4,4,4,4,4,4,4,4,4,4,4,3,4,3,-99,-99,-99,-99,-99,-99,-99,-99,-99,-99,-99,-99,-99,-99,-99,-99,-99,-99,-99,-99,-99,4,4,4,4,-99,4,-99,2,1,4,3,4,3,-99,-99,-99,-99,-99,-99,-99,-99,-99,-99,-99,-99,-99,-99,-99,-99,-99,-99,-99,-99,1,0,1,1,1,3,1,2,2,1,1,2,2,-99,-99,-99,-99,-99,2002,1,1,1,-99,57.5,1,0,0,0,0,0,0,-99
2/23/2021 15:36,2/23/2021 15:45,,,,,,,,,,,,,,email,EN,5,1,1,5,5,1,1,1,1,1,2,1,1,5,5,5,3,2,1,3,2,1,1,3,3,3,1,1,1,1,1,1,3,3,1,3,3,2,3,3,3,3,3,2,1,3,2,3,3,-99,-99,4,4,-99,-99,-99,-99,-99,-99,4,3,-99,-99,3,3,-99,3,3,3,3,3,3,-99,3,-99,3,2,4,3,4,4,4,4,4,4,-99,-99,-99,-99,-99,-99,-99,-99,-99,-99,-99,-99,4,4,4,4,0,1,1,0,1,3,5,4,4,3,3,4,4,4,4,2,2,1,2006,1,4,1,-99,67.5,1,0,0,0,0,0,0,-99
2/23/2021 16:03,2/23/2021 16:18,,,,,,,,,,,,,,email,EN,1,1,1,4,2,1,1,1,1,1,3,1,1,5,5,5,5,1,1,-99,-99,-99,-99,4,3,4,-99,-99,-99,-99,-99,-99,4,4,-99,4,4,4,2,4,4,4,4,2,-99,4,-99,-99,-99,-99,-99,1,1,-99,-99,-99,-99,-99,-99,1,1,-99,-99,1,1,2,3,1,1,3,3,-99,-99,1,-99,1,2,3,3,1,1,-99,-99,-99,-99,-99,-99,-99,-99,-99,-99,-99,-99,-99,-99,-99,-99,-99,-99,-99,-99,0,1,1,0,0,5,1,5,5,2,2,2,2,3,3,3,3,1,2014,1,4,1,-99,52.5,1,0,0,0,0,0,0,-99
2/23/2021 21:40,2/23/2021 21:55,,,,,,,,,,,,,,email,EN,1,2,2,4,5,2,1,1,1,1,1,1,2,5,1,1,3,1,1,1,1,2,3,3,3,4,1,1,1,1,1,1,1,1,3,4,4,3,4,2,3,3,3,3,2,3,2,-99,-99,4,4,4,4,-99,-99,-99,-99,-99,-99,-99,-99,-99,4,4,3,4,3,3,-99,4,-99,-99,-99,4,4,2,2,-99,-99,-99,-99,-99,-99,-99,-99,-99,-99,-99,-99,-99,-99,-99,-99,-99,-99,-99,-99,-99,-99,-99,-99,1,1,1,1,0,3,1,1,3,1,1,3,3,2,2,2,2,1,2006,1,4,2,-99,57.5,1,0,0,0,0,0,0,-99
2/23/2021 10:15,2/24/2021 8:12,,,,,,,,,,,,,,email,EN,1,1,1,1,1,1,1,1,1,1,1,1,1,5,3,1,5,1,1,-99,-99,-99,-99,-99,-99,3,-99,-99,-99,-99,-99,-99,-99,-99,-99,3,3,3,4,4,4,3,4,4,-99,4,-99,-99,-99,-99,-99,-99,-99,-99,-99,-99,-99,-99,-99,4,4,-99,-99,4,4,4,1,4,4,4,4,4,4,4,4,3,3,4,4,4,4,4,4,4,4,-99,-99,-99,-99,-99,-99,-99,-99,-99,-99,-99,-99,-99,-99,-99,-99,1,1,1,0,0,3,1,3,3,2,2,2,2,2,2,2,2,2,2012,1,2,2,-99,62.5,1,0,0,0,0,0,0,-99
2/24/2021 8:41,2/24/2021 8:51,,,,,,,,,,,,,,email,EN,2,1,1,5,5,1,2,2,-99,1,1,1,5,5,-99,5,5,3,2,-99,-99,-99,-99,4,4,4,-99,3,3,3,3,-99,4,4,4,4,4,4,4,4,4,4,4,4,4,4,4,-99,-99,-99,-99,4,3,-99,4,4,4,4,-99,4,3,-99,4,4,4,4,-99,4,4,3,3,3,4,3,4,2,2,4,4,4,4,4,3,3,3,4,4,4,4,4,4,4,4,-99,-99,-99,-99,-99,-99,-99,-99,0,1,1,1,1,3,2,3,3,4,4,4,4,3,3,3,3,3,1988,1,1,1,-99,57.5,1,0,0,0,0,0,0,-99
2/24/2021 10:10,2/24/2021 10:33,,,,,,,,,,,,,,email,EN,1,2,2,4,4,3,2,1,2,3,3,1,2,2,5,5,3,3,2,1,1,3,3,4,4,4,1,4,4,4,4,4,4,2,2,4,4,3,2,4,4,3,4,4,4,4,4,-99,-99,4,4,4,4,-99,4,4,4,4,4,4,4,4,4,4,4,4,3,4,4,4,4,4,4,4,4,2,2,4,4,4,4,-99,-99,-99,-99,4,4,4,4,4,4,4,4,4,4,4,4,4,4,4,4,0,1,1,0,0,2,2,4,4,4,2,4,4,1,3,3,3,3,2018,1,3,1,-99,32.5,1,0,0,0,0,0,0,-99
2/24/2021 12:52,2/24/2021 13:00,,,,,,,,,,,,,,email,EN,5,5,2,5,3,3,3,3,4,2,2,3,1,5,1,5,5,2,4,4,2,4,4,4,2,4,3,3,3,3,3,2,4,4,2,4,4,4,3,2,4,4,4,3,3,4,3,4,4,4,4,4,4,4,4,4,4,4,-99,4,4,4,-99,4,3,3,3,-99,4,4,4,3,4,4,3,2,2,4,4,4,4,-99,-99,-99,-99,4,4,4,4,-99,-99,-99,-99,-99,-99,-99,-99,4,4,4,4,1,1,1,1,1,3,3,3,3,2,3,2,2,3,3,4,4,1,2007,1,1,1,-99,67.5,1,0,0,0,0,0,0,-99
2/24/2021 15:55,2/24/2021 16:03,,,,,,,,,,,,,,email,EN,1,2,2,3,1,3,1,1,1,1,2,1,2,5,4,3,4,3,1,-99,-99,3,3,4,-99,4,3,-99,-99,-99,-99,-99,4,4,4,4,4,4,2,4,3,4,4,4,-99,4,-99,-99,-99,4,4,4,4,4,-99,-99,-99,-99,-99,4,4,-99,4,1,1,4,3,4,4,4,4,4,-99,4,4,2,2,4,4,4,3,4,4,4,4,-99,-99,-99,-99,-99,-99,-99,-99,-99,-99,-99,-99,4,4,4,4,0,1,1,1,1,4,1,4,4,2,1,1,1,1,2,2,2,1,2019,1,1,1,-99,-99,1,0,0,0,0,0,0,-99
2/25/2021 21:35,2/25/2021 21:48,,,,,,,,,,,,,,email,EN,1,2,2,5,5,2,2,1,2,1,2,2,2,1,1,5,3,2,2,1,1,2,2,4,4,3,1,2,2,1,2,1,-99,3,2,3,3,2,3,2,3,3,3,3,3,3,2,-99,-99,3,4,4,4,-99,4,4,4,4,-99,3,3,4,4,4,4,4,3,-99,4,4,4,2,4,4,4,3,3,4,4,3,3,4,4,4,4,4,4,4,4,4,4,4,4,4,4,4,4,4,4,4,4,0,0,1,0,1,3,3,3,3,3,2,4,4,3,3,3,3,2,2015,1,4,1,-99,32.5,-99,-99,-99,-99,-99,-99,1,-99
2/26/2021 7:46,2/26/2021 7:53,,,,,,,,,,,,,,email,EN,1,1,1,5,5,1,1,1,1,1,1,1,1,4,5,5,5,4,1,2,2,2,2,4,4,4,2,2,2,2,2,2,4,4,4,4,4,4,4,4,4,4,4,4,2,4,2,4,-99,-99,-99,4,4,4,-99,-99,-99,-99,-99,4,4,-99,4,4,4,4,4,4,4,4,4,4,-99,4,4,3,3,4,4,4,4,4,4,4,4,4,4,4,4,4,4,4,4,4,4,4,4,4,4,4,4,1,1,1,0,0,3,3,4,4,3,3,3,3,2,2,2,2,2,2006,2,1,2,-99,32.5,0,1,0,0,0,0,0,-99
2/26/2021 7:53,2/26/2021 7:59,,,,,,,,,,,,,,email,EN,1,1,1,5,2,1,1,1,1,1,2,1,1,1,5,1,2,2,1,1,1,1,1,4,1,2,1,1,1,1,1,1,3,2,1,3,3,3,3,3,3,3,3,3,1,4,1,-99,-99,-99,-99,3,3,3,-99,-99,-99,-99,-99,3,3,-99,-99,3,3,3,3,3,3,-99,3,3,-99,3,-99,2,2,-99,-99,-99,-99,-99,-99,-99,-99,-99,-99,-99,-99,-99,-99,-99,-99,-99,-99,-99,-99,-99,-99,-99,-99,-99,-99,-99,-99,-99,-99,-99,-99,-99,-99,-99,-99,-99,-99,-99,-99,-99,-99,-99,-99,-99,-99,-99,-99,-99,-99,-99,-99,-99,-99,-99,-99
2/26/2021 7:51,2/26/2021 8:03,,,,,,,,,,,,,,email,EN,2,4,2,5,5,1,1,2,1,1,2,2,1,2,5,5,5,2,1,3,3,4,4,4,4,4,2,3,3,3,3,3,4,3,3,4,4,3,3,4,4,4,4,3,3,3,3,-99,-99,4,4,4,4,-99,4,-99,4,-99,-99,4,4,4,-99,3,3,-99,4,4,4,4,4,-99,-99,4,4,3,3,4,4,4,4,4,4,4,4,4,4,4,4,4,4,4,4,4,4,4,4,4,4,4,4,0,1,1,1,1,4,3,3,3,2,3,3,-99,4,4,4,4,1,1992,1,4,2,-99,57.5,1,0,0,0,0,0,0,-99
2/23/2021 8:11,2/26/2021 8:19,,,,,,,,,,,,,,email,EN,1,1,-99,4,1,1,1,1,1,1,1,1,1,1,1,5,-99,1,1,1,1,1,4,4,1,4,1,1,1,1,1,1,1,1,1,4,4,4,4,1,4,4,4,1,1,4,4,-99,-99,4,4,4,4,-99,-99,-99,-99,-99,-99,4,4,-99,-99,4,4,4,4,-99,4,4,4,4,-99,4,-99,3,3,4,4,4,4,4,4,4,4,-99,-99,-99,-99,-99,-99,-99,-99,-99,-99,-99,-99,4,4,4,4,0,0,1,0,0,3,1,3,3,3,1,3,3,-99,2,1,1,1,1988,1,4,2,-99,52.5,1,0,0,0,0,0,0,-99
2/26/2021 8:15,2/26/2021 8:27,,,,,,,,,,,,,,email,EN,1,1,1,1,1,1,1,1,1,1,1,1,2,2,-99,3,5,5,2,2,2,1,2,2,2,2,2,2,2,2,2,1,2,3,4,4,4,4,4,4,4,4,4,4,2,4,2,-99,-99,4,4,4,-99,4,4,4,4,4,-99,4,4,-99,4,2,2,2,4,4,4,4,4,4,-99,4,4,3,3,4,4,4,4,4,4,4,4,4,4,4,4,4,4,4,4,4,4,4,4,4,4,4,4,1,1,1,1,1,3,1,3,3,3,1,4,4,1,1,1,3,1,2005,1,1,1,-99,67.5,1,0,0,0,0,0,0,-99
2/26/2021 8:34,2/26/2021 8:38,,,,,,,,,,,,,,email,EN,4,1,1,5,5,1,1,1,1,1,1,1,1,3,5,5,5,2,1,-99,-99,-99,-99,4,4,4,-99,-99,-99,-99,-99,-99,3,-99,-99,4,4,4,4,4,4,4,4,4,4,4,4,1,1,-99,-99,4,4,-99,-99,-99,-99,-99,-99,-99,-99,-99,-99,3,3,3,3,3,3,3,3,3,3,3,3,2,2,-99,-99,-99,-99,-99,-99,-99,-99,-99,-99,-99,-99,-99,-99,-99,-99,-99,-99,-99,-99,-99,-99,-99,-99,0,1,1,0,1,-99,-99,-99,-99,-99,-99,-99,-99,-99,-99,-99,-99,-99,-99,-99,-99,-99,-99,-99,-99,-99,-99,-99,-99,-99,-99,-99
2/23/2021 14:49,2/26/2021 8:53,,,,,,,,,,,,,,email,EN,1,2,2,5,3,1,1,1,1,1,1,1,1,4,5,5,3,3,1,2,2,2,2,4,4,2,2,2,2,2,2,2,2,4,4,4,4,3,3,3,3,3,4,3,3,3,1,3,3,3,3,4,3,3,-99,-99,-99,-99,-99,4,4,-99,4,4,2,4,4,4,4,4,4,4,-99,4,-99,3,3,4,4,4,4,4,4,4,4,-99,-99,-99,-99,-99,-99,-99,-99,-99,-99,-99,-99,-99,-99,-99,-99,0,0,1,0,1,3,3,3,3,2,2,2,2,2,2,2,2,2,2016,1,3,2,-99,47.5,1,0,0,0,0,0,0,-99
2/26/2021 8:49,2/26/2021 8:53,,,,,,,,,,,,,,email,EN,1,1,1,5,5,1,2,2,1,2,2,2,1,5,5,5,5,2,2,1,1,1,1,4,4,4,1,1,2,2,1,2,4,4,2,4,4,4,4,4,4,4,4,4,2,4,4,-99,-99,-99,-99,4,4,4,-99,4,4,-99,4,4,4,4,4,3,2,4,4,4,4,4,4,3,4,4,4,3,3,3,4,3,3,4,4,4,4,4,4,4,4,4,4,4,4,4,4,4,4,4,4,4,4,-99,1,1,1,1,5,2,4,4,4,2,4,4,2,3,4,4,3,1998,1,4,1,-99,47.5,1,0,0,0,0,0,0,-99
2/26/2021 8:32,2/26/2021 8:41,,,,,,,,,,,,,,email,EN,5,5,-99,5,5,2,2,2,2,1,2,2,1,2,5,5,4,2,2,4,4,3,3,4,4,4,3,2,2,2,3,2,4,4,4,4,4,4,4,4,4,4,4,3,2,4,3,4,4,4,4,4,4,4,4,3,4,4,4,4,4,4,4,4,3,4,4,4,4,4,4,4,4,4,4,3,3,4,3,4,3,4,4,4,4,4,4,4,4,4,4,4,4,-99,-99,-99,-99,-99,-99,-99,-99,1,1,1,0,1,4,3,3,4,1,2,3,3,2,3,3,3,2,2005,1,4,2,-99,47.5,1,0,0,0,0,0,0,-99
2/18/2021 9:22,2/26/2021 8:59,,,,,,,,,,,,,,email,EN,1,1,1,4,3,1,1,1,2,1,2,1,-99,-99,4,4,3,2,1,-99,-99,-99,2,4,4,3,-99,-99,-99,-99,4,4,4,4,4,4,4,4,4,4,4,3,4,4,-99,4,-99,-99,-99,-99,-99,4,4,-99,-99,-99,-99,4,4,4,4,-99,4,4,4,4,4,4,4,4,4,4,-99,4,-99,3,2,4,4,4,4,4,4,4,4,-99,-99,-99,-99,-99,-99,-99,-99,-99,-99,-99,-99,-99,-99,-99,-99,0,1,1,0,0,3,1,4,4,2,1,2,2,2,3,3,3,2,2019,1,2,1,-99,32.5,1,0,0,0,0,0,0,-99
2/26/2021 8:51,2/26/2021 9:06,,,,,,,,,,,,,,email,EN,4,1,1,5,4,1,2,1,2,1,4,2,1,4,5,5,5,5,2,4,4,4,4,4,4,4,2,3,3,3,3,3,3,4,3,4,4,4,4,4,4,4,4,4,4,4,4,4,4,4,4,4,4,4,4,4,4,4,4,3,3,4,-99,2,2,3,1,3,3,3,3,3,4,3,3,2,2,4,3,3,3,4,3,3,3,4,4,4,4,4,4,4,4,-99,-99,-99,-99,4,4,4,4,0,1,1,1,1,3,3,3,3,3,3,3,3,4,4,4,4,4,2014,1,1,2,-99,47.5,0,1,0,0,0,0,0,-99
2/23/2021 11:20,2/26/2021 9:11,,,,,,,,,,,,,,email,EN,1,5,1,5,3,1,1,1,1,1,1,1,2,2,4,4,4,2,1,-99,-99,3,3,3,2,3,-99,-99,-99,-99,-99,-99,2,2,3,4,4,3,4,3,3,4,3,-99,-99,-99,-99,-99,-99,3,4,3,-99,-99,-99,-99,-99,-99,-99,4,-99,-99,4,4,3,4,3,4,-99,4,-99,-99,-99,-99,-99,2,1,4,3,3,3,-99,-99,-99,-99,-99,-99,-99,-99,-99,-99,-99,-99,-99,-99,-99,-99,-99,-99,-99,-99,-99,1,1,1,1,3,1,3,4,2,1,2,2,3,3,2,2,2,2014,1,2,1,-99,52.5,1,0,0,0,0,0,0,-99
2/26/2021 9:03,2/26/2021 9:11,,,,,,,,,,,,,,email,EN,1,2,2,5,4,1,1,1,1,1,3,1,1,1,2,5,4,3,2,1,1,2,2,4,4,3,1,1,1,1,1,1,2,3,1,4,4,2,4,2,4,4,4,3,2,4,2,-99,-99,4,4,4,4,-99,-99,-99,-99,-99,-99,4,4,-99,-99,3,3,4,3,3,4,4,4,3,3,3,4,3,2,4,4,4,4,4,4,4,4,-99,-99,-99,-99,-99,-99,-99,-99,-99,-99,-99,-99,4,4,4,4,0,1,1,1,1,4,4,5,5,2,3,2,2,1,3,2,2,1,2016,1,4,2,-99,62.5,0,1,0,0,0,0,0,-99
2/23/2021 13:48,2/26/2021 9:25,,,,,,,,,,,,,,email,EN,4,-99,2,5,5,4,1,1,1,1,1,1,2,4,5,5,5,4,2,2,2,4,4,4,4,4,4,1,1,1,1,1,4,3,3,3,3,4,3,4,4,4,4,2,2,2,2,3,3,4,4,4,4,4,3,3,-99,-99,-99,4,4,3,3,2,2,4,3,3,4,4,4,3,3,3,3,4,2,4,4,4,4,4,4,4,4,4,4,4,4,4,4,4,4,4,4,4,4,4,4,4,4,1,1,1,0,0,4,3,5,5,2,2,1,2,2,2,4,3,3,2018,1,1,2,-99,27.5,1,0,0,0,0,0,0,-99
2/24/2021 12:14,2/26/2021 9:28,,,,,,,,,,,,,,email,EN,1,1,1,1,1,1,1,1,1,1,2,1,1,1,1,1,2,2,1,-99,-99,-99,-99,-99,-99,-99,-99,-99,-99,-99,-99,-99,-99,-99,-99,-99,-99,-99,-99,-99,-99,4,-99,-99,-99,-99,-99,-99,-99,-99,-99,-99,-99,-99,-99,-99,-99,-99,-99,-99,-99,-99,-99,-99,-99,-99,-99,-99,-99,4,4,-99,-99,-99,-99,3,3,-99,-99,-99,-99,-99,-99,-99,-99,-99,-99,-99,-99,-99,-99,-99,-99,-99,-99,-99,-99,-99,-99,-99,-99,-99,-99,-99,-99,-99,3,1,2,2,2,1,1,1,2,2,2,2,2,2013,1,3,2,-99,57.5,1,0,0,0,0,0,0,-99
2/26/2021 9:29,2/26/2021 9:46,,,,,,,,,,,,,,email,EN,1,1,1,4,3,1,1,1,1,1,2,2,1,1,5,5,5,3,2,1,1,1,1,4,3,3,1,1,1,1,1,1,4,3,2,4,4,2,4,4,4,4,4,4,2,4,2,-99,-99,-99,-99,4,4,-99,4,4,4,-99,-99,4,4,4,4,4,4,4,4,4,4,4,4,4,4,4,4,3,3,3,3,4,4,-99,-99,-99,-99,3,3,3,3,3,3,3,3,-99,-99,-99,-99,-99,-99,-99,-99,0,1,1,0,1,3,1,3,3,3,1,3,3,3,3,4,4,1,2008,1,1,1,-99,57.5,1,0,0,0,0,0,0,-99
2/26/2021 9:48,2/26/2021 9:57,,,,,,,,,,,,,,email,EN,1,1,1,5,5,3,1,1,1,1,5,1,1,5,1,5,5,3,1,-99,-99,-99,-99,4,4,4,4,-99,-99,-99,-99,-99,4,4,4,4,4,4,4,2,4,4,4,4,3,4,3,-99,-99,-99,-99,4,4,3,-99,-99,-99,-99,-99,4,4,-99,4,3,3,3,3,-99,4,4,4,3,-99,3,4,2,2,4,4,4,4,4,4,4,4,4,4,4,4,4,4,4,4,-99,-99,-99,-99,-99,-99,-99,-99,1,1,1,0,0,3,1,3,3,2,1,2,2,2,2,3,3,2,2010,2,1,1,-99,52.5,1,0,0,0,0,0,0,-99
2/26/2021 10:00,2/26/2021 10:08,,,,,,,,,,,,,,email,EN,1,5,2,5,5,3,1,1,1,1,3,1,3,5,5,5,5,3,1,4,4,4,4,4,4,4,3,-99,-99,-99,-99,-99,4,4,4,4,4,4,4,4,4,4,4,4,-99,4,3,4,4,4,4,4,4,4,-99,-99,-99,-99,-99,4,4,-99,4,4,4,4,4,4,4,4,4,4,4,4,4,4,3,4,4,4,4,4,4,4,4,-99,-99,-99,-99,4,-99,-99,-99,-99,-99,-99,-99,4,4,4,4,0,0,1,0,0,3,3,3,3,3,3,4,4,2,4,2,3,1,2018,1,1,1,-99,52.5,1,0,0,0,0,0,0,-99
2/18/2021 8:53,2/26/2021 10:16,,,,,,,,,,,,,,email,EN,1,1,1,5,4,3,3,1,3,3,2,2,1,5,4,4,5,2,3,-99,-99,4,4,4,4,2,3,3,3,3,3,3,3,4,-99,4,4,4,4,4,4,4,3,3,3,4,4,-99,-99,-99,-99,4,-99,4,4,4,4,4,4,4,4,4,-99,4,4,4,4,4,4,4,4,4,4,4,4,3,3,4,4,-99,4,4,4,4,4,4,4,4,4,4,4,4,4,4,4,4,4,4,4,4,4,0,1,1,1,1,3,1,3,4,2,1,4,4,1,2,3,3,1,2014,1,1,2,-99,62.5,1,0,0,0,0,0,1,-99
2/26/2021 10:44,2/26/2021 10:51,,,,,,,,,,,,,,email,EN,1,1,1,5,5,1,1,1,1,1,1,1,1,5,1,1,5,1,1,1,1,1,1,-99,-99,2,1,1,1,1,1,1,2,4,3,4,4,3,3,2,3,3,4,3,1,4,2,-99,-99,-99,-99,3,3,-99,-99,-99,-99,-99,-99,3,3,-99,3,3,2,3,2,-99,3,4,4,3,-99,3,-99,4,3,4,4,4,3,4,4,4,4,4,4,4,4,4,4,4,4,4,4,4,4,4,4,4,4,0,1,1,0,0,4,3,4,4,1,1,1,1,3,3,2,3,3,2012,1,4,2,-99,37.5,1,0,0,0,0,0,0,-99
2/26/2021 10:45,2/26/2021 11:01,,,,,,,,,,,,,,email,EN,3,1,2,5,4,3,1,2,1,1,2,2,1,2,5,5,4,1,2,3,3,2,3,4,3,3,2,2,2,3,1,2,3,3,1,3,3,3,3,4,4,4,4,2,2,3,3,2,4,4,4,4,4,4,4,4,4,3,4,4,4,4,4,4,4,4,4,4,4,4,4,4,4,4,4,3,2,4,4,4,4,4,4,4,4,4,4,4,4,4,4,4,4,4,4,4,4,4,4,4,4,1,0,1,0,0,3,3,3,3,2,2,3,3,3,3,3,3,2,2011,1,4,1,-99,57.5,1,0,0,0,0,0,0,-99
2/26/2021 10:59,2/26/2021 11:07,,,,,,,,,,,,,,email,EN,1,1,1,1,1,1,1,1,1,1,1,1,1,1,5,1,5,1,1,-99,-99,-99,-99,-99,-99,-99,-99,-99,-99,-99,-99,-99,-99,3,1,4,4,4,4,4,3,4,4,4,2,4,2,-99,-99,-99,-99,-99,-99,-99,-99,-99,-99,-99,-99,-99,3,-99,-99,3,3,3,3,3,-99,4,3,4,-99,3,-99,3,3,4,3,3,3,4,3,3,3,-99,-99,-99,-99,-99,-99,-99,-99,-99,-99,-99,-99,-99,-99,-99,-99,1,1,1,1,1,4,1,4,4,1,1,2,2,1,1,1,1,1,2012,1,1,1,-99,52.5,1,0,0,0,0,0,0,Waste of time. Target of survey did not apply to me. 
2/26/2021 11:18,2/26/2021 11:25,,,,,,,,,,,,,,email,EN,1,2,1,3,3,1,2,2,1,1,1,1,2,1,1,5,5,2,2,-99,-99,3,3,4,4,3,-99,-99,-99,-99,-99,-99,3,4,4,4,4,4,4,4,4,4,4,4,-99,4,-99,-99,-99,-99,-99,4,3,-99,-99,-99,-99,-99,-99,4,3,-99,4,4,4,3,4,-99,4,3,4,4,-99,4,-99,3,3,4,4,4,4,-99,-99,-99,-99,-99,-99,-99,-99,-99,-99,-99,-99,-99,-99,-99,-99,-99,-99,-99,-99,0,0,1,0,0,3,1,3,4,3,1,4,3,3,4,4,4,1,2016,1,1,1,-99,42.5,1,0,0,0,0,0,0,further help/guidance on how to use the WIFI network on campus.  I have difficulty logging in and cant locate the instructional guide on the IT website. 
2/26/2021 12:03,2/26/2021 12:13,,,,,,,,,,,,,,email,EN,1,1,1,4,-99,2,2,2,-99,2,3,-99,5,-99,5,5,5,3,1,-99,-99,-99,-99,3,1,3,-99,3,3,3,-99,3,4,3,4,-99,-99,4,4,4,4,4,4,3,2,4,3,-99,-99,-99,-99,4,4,-99,4,4,4,-99,4,4,4,4,4,-99,-99,3,3,4,4,4,4,4,-99,4,4,1,1,4,4,4,4,4,4,4,4,-99,-99,-99,-99,4,4,4,4,-99,-99,-99,-99,-99,-99,-99,-99,0,0,1,0,0,3,1,3,3,3,1,2,2,3,3,4,4,4,2018,1,1,1,-99,62.5,0,1,0,0,0,0,0,-99
2/26/2021 8:24,2/26/2021 14:31,,,,,,,,,,,,,,email,EN,1,2,2,5,1,1,1,1,1,1,2,1,2,5,1,1,5,1,1,-99,-99,4,4,4,-99,4,-99,-99,-99,-99,-99,-99,4,4,4,4,4,4,4,2,-99,4,4,4,-99,4,-99,-99,-99,4,4,4,4,-99,-99,-99,-99,-99,-99,4,4,-99,4,4,2,2,2,-99,-99,4,4,4,-99,4,-99,3,3,4,4,4,4,4,4,4,4,-99,-99,-99,-99,-99,-99,-99,-99,-99,-99,-99,-99,-99,-99,-99,-99,1,1,1,0,1,3,1,5,5,3,1,4,4,3,3,3,3,1,2011,1,4,2,-99,57.5,1,0,0,0,0,0,0,-99
2/26/2021 14:37,2/26/2021 14:46,,,,,,,,,,,,,,email,EN,4,5,2,5,5,1,4,1,2,1,5,1,2,5,5,5,5,4,2,4,4,-99,-99,4,4,4,2,4,4,2,3,2,4,4,3,4,4,4,4,4,4,4,4,4,4,4,4,4,4,-99,-99,3,3,-99,4,4,-99,4,-99,3,3,-99,3,4,3,3,4,4,4,4,3,3,4,3,4,2,3,4,3,3,3,4,3,3,3,4,4,4,4,4,4,4,4,-99,-99,-99,-99,4,4,4,4,0,0,1,1,1,4,3,4,4,4,4,3,3,4,4,4,4,3,2014,1,4,1,-99,-99,1,0,0,0,0,0,0,-99
2/26/2021 16:23,2/26/2021 16:39,,,,,,,,,,,,,,email,EN,1,1,1,1,1,1,1,1,1,1,1,1,5,4,5,5,2,2,1,1,1,1,1,3,-99,3,1,1,1,1,1,1,3,4,4,4,4,4,4,4,4,2,3,2,1,3,1,-99,-99,-99,-99,4,4,-99,-99,-99,-99,-99,-99,4,3,-99,4,3,3,4,1,4,4,4,4,4,-99,4,-99,3,3,4,4,4,3,-99,-99,-99,-99,-99,-99,-99,-99,-99,-99,-99,-99,-99,-99,-99,-99,-99,-99,-99,-99,0,1,1,1,1,3,1,2,3,3,2,3,3,3,3,2,3,1,2019,1,1,1,-99,52.5,1,0,0,0,0,0,0,-99
2/26/2021 16:40,2/26/2021 16:48,,,,,,,,,,,,,,email,EN,1,1,1,5,5,1,1,1,1,1,3,1,5,1,5,5,5,2,1,1,1,4,4,4,4,4,1,1,1,1,1,1,4,4,4,4,4,4,4,4,4,4,4,4,1,4,3,-99,-99,4,4,4,4,-99,4,4,4,-99,-99,4,4,4,4,4,3,3,4,4,4,4,3,3,-99,4,4,3,2,4,4,4,4,4,4,4,4,4,4,4,4,-99,-99,-99,-99,-99,-99,-99,-99,-99,-99,-99,-99,1,1,1,1,1,3,1,3,4,3,1,3,3,-99,2,2,2,1,2018,1,3,1,-99,57.5,1,0,0,0,0,0,0,-99
2/26/2021 19:38,2/26/2021 19:47,,,,,,,,,,,,,,email,EN,1,1,1,2,2,1,1,2,2,1,2,1,2,4,4,5,5,3,2,-99,-99,-99,-99,2,3,4,-99,4,2,4,4,2,4,4,3,4,4,3,4,4,4,4,4,4,4,4,4,-99,-99,-99,-99,4,4,-99,4,-99,4,4,-99,4,4,4,2,4,4,4,4,4,4,4,4,4,4,4,4,2,3,4,4,4,4,4,4,4,4,4,4,4,4,4,4,4,4,4,4,4,4,-99,-99,-99,-99,-99,1,1,0,0,3,1,3,3,3,2,4,4,2,4,2,2,1,1997,1,2,1,-99,62.5,1,0,0,0,0,0,-99,-99
3/1/2021 6:59,3/1/2021 7:30,,,,,,,,,,,,,,email,EN,1,1,1,1,1,1,1,1,1,1,1,1,1,4,1,1,1,1,1,1,1,1,1,1,2,1,1,1,1,1,1,1,1,3,1,3,3,3,3,1,2,1,1,2,1,3,1,-99,-99,-99,-99,-99,4,-99,-99,-99,-99,-99,-99,-99,-99,-99,-99,3,2,3,4,-99,-99,-99,-99,-99,-99,2,-99,1,1,-99,-99,-99,-99,-99,-99,-99,-99,-99,-99,-99,-99,-99,-99,-99,-99,-99,-99,-99,-99,-99,-99,-99,-99,0,1,1,0,0,1,1,4,4,1,1,1,-99,1,1,3,3,1,2020,2,2,1,-99,32.5,1,0,0,0,0,0,0,-99
2/23/2021 8:24,3/1/2021 8:49,,,,,,,,,,,,,,email,EN,1,1,1,2,1,1,1,1,1,1,1,1,1,2,2,2,5,1,1,1,1,1,1,3,1,1,1,3,3,3,3,1,4,1,1,4,4,4,4,4,2,4,4,2,2,3,3,-99,-99,-99,-99,4,-99,-99,4,4,4,4,-99,4,4,4,-99,4,4,4,4,4,4,4,4,4,4,4,4,3,3,4,4,4,4,4,4,4,4,4,4,4,4,4,4,4,4,4,4,4,4,4,4,4,4,0,1,1,0,0,3,1,3,3,3,1,3,3,3,3,3,3,3,2014,2,1,1,-99,47.5,1,0,0,0,0,0,0,-99
2/18/2021 13:45,3/1/2021 8:50,,,,,,,,,,,,,,email,EN,1,1,1,1,1,1,1,1,1,1,1,1,1,1,5,5,2,1,1,1,1,1,1,1,1,1,1,1,1,1,1,1,1,1,1,1,1,1,4,4,1,2,1,1,1,4,1,-99,-99,-99,-99,-99,-99,-99,-99,-99,-99,-99,-99,-99,-99,-99,-99,-99,-99,-99,-99,-99,4,4,4,4,-99,4,-99,3,1,4,4,4,4,-99,-99,-99,-99,-99,-99,-99,-99,-99,-99,-99,-99,-99,-99,-99,-99,-99,-99,-99,-99,1,1,1,0,1,5,1,5,5,1,1,1,1,1,1,1,1,1,2011,1,1,2,-99,32.5,0,1,0,0,0,0,0,-99
2/26/2021 9:50,3/1/2021 10:00,,,,,,,,,,,,,,email,EN,1,5,1,5,4,2,1,1,1,1,1,1,2,3,4,5,3,2,1,-99,-99,-99,-99,3,3,3,3,-99,-99,-99,-99,-99,2,4,4,4,4,4,4,4,4,2,3,2,-99,4,3,-99,-99,-99,-99,4,4,4,-99,-99,-99,-99,-99,4,4,-99,4,4,4,4,3,4,4,4,4,-99,-99,4,3,3,3,4,4,4,4,4,4,4,4,4,4,4,4,4,4,4,4,-99,-99,-99,-99,-99,-99,-99,-99,0,0,1,0,0,3,3,-99,3,3,1,2,2,3,3,3,3,3,2019,1,1,2,-99,27.5,0,1,0,0,0,0,0,-99
3/1/2021 10:44,3/1/2021 10:53,,,,,,,,,,,,,,email,EN,1,2,2,5,2,1,1,1,1,1,3,1,2,5,4,4,5,2,1,-99,-99,4,4,4,4,4,-99,-99,-99,-99,-99,-99,4,4,4,4,4,4,4,4,4,4,4,4,-99,4,-99,-99,-99,4,4,4,4,-99,-99,-99,-99,-99,-99,3,4,-99,4,4,4,4,3,4,4,4,4,4,-99,4,-99,3,1,4,4,4,3,4,4,4,4,-99,-99,-99,-99,-99,-99,-99,-99,-99,-99,-99,-99,4,4,4,4,1,0,1,0,1,4,1,4,4,2,1,3,3,2,3,3,3,3,2017,1,4,1,-99,62.5,1,0,0,0,0,0,0,-99
2/26/2021 9:02,2/26/2021 16:44,,,,,,,,,,,,,,email,EN,-99,1,1,3,5,1,1,1,1,1,1,1,1,1,5,5,5,2,1,-99,-99,-99,-99,2,3,3,-99,-99,-99,-99,-99,-99,-99,3,2,3,3,3,2,4,3,3,3,3,-99,3,-99,-99,-99,-99,-99,3,3,-99,-99,-99,-99,-99,-99,-99,3,-99,-99,2,2,4,4,3,4,4,-99,3,-99,4,-99,3,3,,,,,,,,,,,,,,,,,,,,,,,,,,,,,,,,,,,,,,,,,,,,,,,,,,,,,,,,
2/26/2021 8:01,2/26/2021 8:08,,,,,,,,,,,,,,email,EN,-99,-99,-99,-99,-99,-99,-99,-99,-99,-99,-99,-99,-99,-99,-99,-99,-99,-99,-99,,,,,,,,,,,,,,,,,,,,,,,,,,,,,,,,,,,,,,,,,,,,,,,,,,,,,,,,,,,,,,,,,,,,,,,,,,,,,,,,,,,,,,,,,,,,,,,,,,,,,,,,,,,,,,,,,,
2/23/2021 9:19,2/23/2021 9:20,,,,,,,,,,,,,,email,EN,1,1,1,4,2,1,1,-99,-99,-99,-99,-99,-99,-99,5,2,5,2,2,,,,,,,,,,,,,,,,,,,,,,,,,,,,,,,,,,,,,,,,,,,,,,,,,,,,,,,,,,,,,,,,,,,,,,,,,,,,,,,,,,,,,,,,,,,,,,,,,,,,,,,,,,,,,,,,,,
2/18/2021 8:00,2/18/2021 8:02,,,,,,,,,,,,,,email,EN,1,1,1,1,1,1,1,1,1,1,2,1,1,1,1,1,3,1,1,,,,,,,,,,,,,,,,,,,,,,,,,,,,,,,,,,,,,,,,,,,,,,,,,,,,,,,,,,,,,,,,,,,,,,,,,,,,,,,,,,,,,,,,,,,,,,,,,,,,,,,,,,,,,,,,,,
2/18/2021 8:15,2/18/2021 8:17,,,,,,,,,,,,,,email,EN,5,2,2,5,5,3,2,2,2,2,3,2,1,5,3,5,5,4,4,,,,,,,,,,,,,,,,,,,,,,,,,,,,,,,,,,,,,,,,,,,,,,,,,,,,,,,,,,,,,,,,,,,,,,,,,,,,,,,,,,,,,,,,,,,,,,,,,,,,,,,,,,,,,,,,,,
2/18/2021 8:05,2/18/2021 8:09,,,,,,,,,,,,,,email,EN,1,1,1,2,5,1,1,1,1,1,1,1,1,5,1,2,5,1,1,,,,,,,,,,,,,,,,,,,,,,,,,,,,,,,,,,,,,,,,,,,,,,,,,,,,,,,,,,,,,,,,,,,,,,,,,,,,,,,,,,,,,,,,,,,,,,,,,,,,,,,,,,,,,,,,,,
2/26/2021 7:48,2/26/2021 7:50,,,,,,,,,,,,,,email,EN,1,1,1,1,1,1,1,1,1,1,1,1,1,1,1,1,1,1,1,1,1,1,1,1,1,1,1,1,1,1,1,1,1,1,1,1,1,1,1,1,1,2,1,1,1,1,1,,,,,,,,,,,,,,,,,,,,,,,,,,,,,,,,,,,,,,,,,,,,,,,,,,,,,,,,,,,,,,,,,,,,,,,,,,,,,,,,,,,,,,
2/18/2021 8:22,2/18/2021 10:24,,,,,,,,,,,,,,email,EN,5,2,2,5,5,1,1,2,1,1,2,2,1,5,5,1,5,2,3,4,3,3,3,4,4,2,2,3,3,3,3,2,3,4,2,4,4,4,3,4,3,4,3,2,3,4,4,,,,,,,,,,,,,,,,,,,,,,,,,,,,,,,,,,,,,,,,,,,,,,,,,,,,,,,,,,,,,,,,,,,,,,,,,,,,,,,,,,,,,,
2/18/2021 11:02,2/18/2021 11:05,,,,,,,,,,,,,,email,EN,1,1,1,3,1,1,1,1,2,1,3,1,1,5,1,2,3,2,1,,,,,,,,,,,,,,,,,,,,,,,,,,,,,,,,,,,,,,,,,,,,,,,,,,,,,,,,,,,,,,,,,,,,,,,,,,,,,,,,,,,,,,,,,,,,,,,,,,,,,,,,,,,,,,,,,,
2/18/2021 11:40,2/18/2021 11:45,,,,,,,,,,,,,,email,EN,1,5,1,5,5,1,1,1,1,1,2,1,1,5,5,5,4,2,1,1,1,3,3,4,4,4,1,4,4,4,4,4,4,4,2,4,4,4,4,4,4,4,4,4,-99,-99,-99,,,,,,,,,,,,,,,,,,,,,,,,,,,,,,,,,,,,,,,,,,,,,,,,,,,,,,,,,,,,,,,,,,,,,,,,,,,,,,,,,,,,,,
2/23/2021 9:19,2/23/2021 9:21,,,,,,,,,,,,,,email,EN,1,1,1,4,1,1,2,2,3,2,3,2,1,1,5,5,5,2,3,,,,,,,,,,,,,,,,,,,,,,,,,,,,,,,,,,,,,,,,,,,,,,,,,,,,,,,,,,,,,,,,,,,,,,,,,,,,,,,,,,,,,,,,,,,,,,,,,,,,,,,,,,,,,,,,,,
2/18/2021 7:55,2/23/2021 10:29,,,,,,,,,,,,,,email,EN,1,3,3,5,5,1,1,2,1,1,3,2,1,5,5,4,3,1,1,-99,-99,4,4,4,4,3,-99,3,3,3,1,1,4,3,1,4,4,4,4,4,4,3,4,3,2,4,3,-99,-99,3,4,4,4,-99,4,-99,4,-99,-99,4,3,4,-99,2,2,4,4,4,4,4,4,-99,4,3,4,3,2,,,,,,,,,,,,,,,,,,,,,,,,,,,,,,,,,,,,,,,,,,,,,,,,,,,,,,,,
2/26/2021 8:16,2/26/2021 8:19,,,,,,,,,,,,,,email,EN,1,1,-99,5,5,-99,-99,1,1,1,2,1,1,1,5,1,5,1,1,,,,,,,,,,,,,,,,,,,,,,,,,,,,,,,,,,,,,,,,,,,,,,,,,,,,,,,,,,,,,,,,,,,,,,,,,,,,,,,,,,,,,,,,,,,,,,,,,,,,,,,,,,,,,,,,,,
2/23/2021 9:00,2/23/2021 9:01,,,,,,,,,,,,,,email,EN,1,1,1,5,4,1,1,1,1,1,1,1,1,1,5,5,5,2,1,,,,,,,,,,,,,,,,,,,,,,,,,,,,,,,,,,,,,,,,,,,,,,,,,,,,,,,,,,,,,,,,,,,,,,,,,,,,,,,,,,,,,,,,,,,,,,,,,,,,,,,,,,,,,,,,,,
